text,category
albertsons,Food
albertsons cheese,Food
albertsons coffee beans,Food
albertsons groceries,Food
albertsons pasta,Food
albertsons peanut butter,Food
albertsons snacks,Food
albertsons vegetables,Food
aldi ground beef,Food
aldi pasta,Food
aldi peanut butter,Food
aldi produce,Food
aldi vegetables,Food
americano,Food
americano at caribou coffee,Food
americano at dutch bros,Food
americano at jamba juice,Food
americano caribou coffee,Food
americano dutch bros,Food
americano peet's,Food
appetizers,Food
appetizers at applebee's,Food
appetizers ihop,Food
appetizers outback,Food
appetizers red lobster,Food
appetizers red robin,Food
applebee's bbq,Food
arby's combo meal,Food
arby's fries,Food
arby's quesadilla,Food
arby's salad,Food
arby's takeout,Food
bagel caribou coffee,Food
bbq applebee's,Food
bbq at applebee's,Food
bbq at outback,Food
bbq at red robin,Food
bbq cracker barrel,Food
bbq outback,Food
bbq red robin,Food
bbq waffle house,Food
blue bottle bagel,Food
bowl,Food
bowl arby's,Food
bowl at jersey mike's,Food
bowl at mcdonald's,Food
bowl at panera,Food
bowl at popeyes,Food
bowl at sweetgreen,Food
bowl at taco bell,Food
bowl chipotle,Food
bowl culver's,Food
bowl kfc,Food
bowl popeyes,Food
bowl shake shack,Food
bowl subway,Food
bread aldi,Food
bread at h-e-b,Food
bread at publix,Food
bread at safeway,Food
bread at trader joe's,Food
bread at whole foods,Food
bread food lion,Food
breadsticks at domino's,Food
breadsticks domino's,Food
breadsticks pizza hut,Food
breakfast applebee's,Food
breakfast at red robin,Food
breakfast at texas roadhouse,Food
breakfast denny's,Food
breakfast first watch,Food
breakfast olive garden,Food
breakfast red lobster,Food
breakfast sandwich at dunkin,Food
breakfast sandwich caribou coffee,Food
breakfast sandwich dunkin,Food
breakfast sandwich jamba juice,Food
breakfast sandwich peet's,Food
breakfast sandwich starbucks,Food
breakfast texas roadhouse,Food
breakfast waffle house,Food
brunch at buffalo wild wings,Food
brunch buffalo wild wings,Food
brunch cracker barrel,Food
brunch ihop,Food
brunch red robin,Food
brunch texas roadhouse,Food
buffalo wild wings lunch,Food
buffalo wild wings pasta,Food
buffalo wild wings wings,Food
burger,Food
burger arby's,Food
burger at chili's,Food
burger at denny's,Food
burger at ihop,Food
burger at panda express,Food
burger culver's,Food
burger denny's,Food
burger first watch,Food
burger five guys,Food
burger in-n-out,Food
burger kfc,Food
burger king,Food
burger king burger,Food
burger king burrito bowl,Food
burger king lunch,Food
burger panera,Food
burger red robin,Food
burrito,Food
burrito at chick-fil-a,Food
burrito at in-n-out,Food
burrito at mcdonald's,Food
burrito at popeyes,Food
burrito at sonic,Food
burrito at sweetgreen,Food
burrito bowl at chick-fil-a,Food
burrito bowl at raising cane's,Food
burrito bowl at shake shack,Food
burrito bowl in-n-out,Food
burrito bowl panda express,Food
burrito bowl raising cane's,Food
burrito bowl wendy's,Food
burrito bowl whataburger,Food
burrito chipotle,Food
burrito culver's,Food
burrito panda express,Food
burrito shake shack,Food
cappuccino at blue bottle,Food
cappuccino at tim hortons,Food
caribou coffee,Food
caribou coffee cappuccino,Food
caribou coffee cold brew,Food
caribou coffee croissant,Food
caribou coffee iced coffee,Food
cava dumplings,Food
cereal,Food
cereal aldi,Food
cereal at albertsons,Food
cereal at publix,Food
cereal at wegmans,Food
cereal giant,Food
cereal kroger,Food
cereal sprouts,Food
cereal stop & shop,Food
cereal trader joe's,Food
cereal whole foods,Food
chai latte at blue bottle,Food
chai latte at dutch bros,Food
chai latte at tim hortons,Food
chai latte starbucks,Food
cheese albertsons,Food
cheese at h-e-b,Food
cheese at publix,Food
cheese at sprouts,Food
cheese at stop & shop,Food
cheese h-e-b,Food
cheese publix,Food
cheese whole foods,Food
cheesecake factory breakfast,Food
cheesecake factory family dinner,Food
chick-fil-a burrito bowl,Food
chick-fil-a combo meal,Food
chick-fil-a fried chicken,Food
chick-fil-a salad,Food
chick-fil-a sub,Food
chicken at sprouts,Food
chicken giant,Food
chicken kroger,Food
chicken wegmans,Food
chicken whole foods,Food
chili's pasta,Food
chipotle burger,Food
chipotle burrito bowl,Food
chipotle combo meal,Food
chipotle fried chicken,Food
chipotle lunch,Food
chipotle sandwich,Food
chipotle takeout,Food
chips albertsons,Food
chips aldi,Food
chips at albertsons,Food
chips at trader joe's,Food
chips food lion,Food
chips giant,Food
chips meijer,Food
chips publix,Food
chips safeway,Food
chips trader joe's,Food
chips whole foods,Food
chopt curry,Food
coffee at blue bottle,Food
coffee at krispy kreme,Food
coffee at tim hortons,Food
coffee beans,Food
coffee beans at h-e-b,Food
coffee beans at meijer,Food
coffee beans kroger,Food
coffee beans safeway,Food
coffee beans sprouts,Food
coffee beans stop & shop,Food
coffee beans whole foods,Food
coffee dutch bros,Food
coffee krispy kreme,Food
coffee peet's,Food
coffee starbucks,Food
cold brew at dunkin,Food
cold brew at jamba juice,Food
cold brew at krispy kreme,Food
cold brew blue bottle,Food
cold brew caribou coffee,Food
cold brew dutch bros,Food
cold brew jamba juice,Food
combo meal at burger king,Food
combo meal at taco bell,Food
combo meal at wendy's,Food
combo meal chick-fil-a,Food
combo meal kfc,Food
combo meal popeyes,Food
combo meal sonic,Food
combo meal sweetgreen,Food
combo meal taco bell,Food
combo meal whataburger,Food
cracker barrel lunch,Food
croissant jamba juice,Food
culver's fries,Food
curry at panda express,Food
curry chopt,Food
curry panda express,Food
delivery,Food
delivery at seamless,Food
delivery at uber eats,Food
delivery seamless,Food
delivery uber eats,Food
denny's lunch,Food
denny's steak dinner,Food
dinner,Food
dinner arby's,Food
dinner at chili's,Food
dinner at denny's,Food
dinner at jersey mike's,Food
dinner at jimmy john's,Food
dinner at panera,Food
dinner at wendy's,Food
dinner cheesecake factory,Food
dinner chipotle,Food
dinner cracker barrel,Food
dinner delivery at instacart,Food
dinner denny's,Food
dinner five guys,Food
dinner ihop,Food
dinner jersey mike's,Food
dinner jimmy john's,Food
dinner panera,Food
dinner raising cane's,Food
dinner texas roadhouse,Food
domino's large pizza,Food
donuts at blue bottle,Food
donuts at dutch bros,Food
donuts at starbucks,Food
donuts krispy kreme,Food
donuts starbucks,Food
dumplings,Food
dumplings at noodles & company,Food
dunkin espresso,Food
dunkin latte,Food
dunkin pastry,Food
dutch bros pastry,Food
eggs albertsons,Food
eggs at aldi,Food
eggs at giant,Food
eggs at stop & shop,Food
eggs at winn-dixie,Food
eggs whole foods,Food
espresso at jamba juice,Food
espresso at tim hortons,Food
espresso blue bottle,Food
espresso caribou coffee,Food
espresso jamba juice,Food
family dinner,Food
family dinner at olive garden,Food
family dinner at texas roadhouse,Food
family dinner at waffle house,Food
family dinner buffalo wild wings,Food
family dinner chili's,Food
family dinner outback,Food
family dinner waffle house,Food
first watch appetizers,Food
first watch bbq,Food
first watch steak dinner,Food
five guys bowl,Food
five guys salad,Food
food delivery at grubhub,Food
food delivery doordash,Food
food delivery grubhub,Food
food delivery instacart,Food
food delivery seamless,Food
food lion bread,Food
food lion cereal,Food
food lion milk,Food
food lion vegetables,Food
food truck,Food
fried chicken at in-n-out,Food
fried chicken at jimmy john's,Food
fried chicken at kfc,Food
fried chicken at panda express,Food
fried chicken at raising cane's,Food
fried chicken at shake shack,Food
fried chicken chick-fil-a,Food
fried chicken jimmy john's,Food
fried chicken panera,Food
fried chicken popeyes,Food
fried chicken sweetgreen,Food
fries,Food
fries at five guys,Food
fries at sweetgreen,Food
fries burger king,Food
fries culver's,Food
fries five guys,Food
fries kfc,Food
fries mcdonald's,Food
fries shake shack,Food
fries wendy's,Food
fries whataburger,Food
frozen pizza at albertsons,Food
frozen pizza at aldi,Food
frozen pizza at food lion,Food
frozen pizza at winn-dixie,Food
frozen pizza food lion,Food
frozen pizza publix,Food
fruit at kroger,Food
fruit at publix,Food
fruit at wegmans,Food
fruit giant,Food
fruit meijer,Food
fruit sprouts,Food
gas station snacks,Food
giant,Food
giant cereal,Food
giant chips,Food
giant snacks,Food
groceries,Food
groceries at trader joe's,Food
groceries at wegmans,Food
groceries at winn-dixie,Food
groceries sprouts,Food
groceries stop & shop,Food
groceries trader joe's,Food
groceries wegmans,Food
groceries whole foods,Food
grocery delivery at doordash,Food
grocery delivery at seamless,Food
grocery delivery uber eats,Food
grocery run aldi,Food
grocery run at aldi,Food
grocery run at sprouts,Food
grocery run at trader joe's,Food
grocery run h-e-b,Food
grocery run publix,Food
grocery run stop & shop,Food
ground beef at food lion,Food
ground beef at safeway,Food
ground beef at winn-dixie,Food
ground beef meijer,Food
ground beef sprouts,Food
ground beef stop & shop,Food
ground beef trader joe's,Food
ground beef wegmans,Food
grubhub dinner delivery,Food
grubhub food delivery,Food
h-e-b chicken,Food
h-e-b chips,Food
h-e-b fruit,Food
ice cream at aldi,Food
ice cream food lion,Food
ice cream sprouts,Food
ice cream wegmans,Food
iced coffee at dunkin,Food
iced coffee at tim hortons,Food
ihop appetizers,Food
ihop burger,Food
in-n-out fried chicken,Food
in-n-out lunch,Food
in-n-out sandwich,Food
instacart dinner delivery,Food
instacart grocery delivery,Food
instacart late night order,Food
jamba juice chai latte,Food
jamba juice croissant,Food
jamba juice muffin,Food
jersey mike's burrito bowl,Food
jersey mike's lunch,Food
jersey mike's quesadilla,Food
jersey mike's sub,Food
jersey mike's takeout,Food
jimmy john's bowl,Food
jimmy john's burrito bowl,Food
jimmy john's lunch,Food
kfc fried chicken,Food
kfc fries,Food
kfc takeout,Food
kfc wings,Food
krispy kreme coffee,Food
krispy kreme cold brew,Food
krispy kreme latte,Food
kroger,Food
kroger cereal,Food
kroger chips,Food
kroger fruit,Food
kroger ground beef,Food
kroger peanut butter,Food
kroger produce,Food
kroger yogurt,Food
large pizza,Food
large pizza at blaze pizza,Food
large pizza at little caesars,Food
large pizza at pizza hut,Food
large pizza blaze pizza,Food
late night order doordash,Food
late night order grubhub,Food
latte at caribou coffee,Food
latte at dunkin,Food
latte at jamba juice,Food
latte at krispy kreme,Food
latte at starbucks,Food
latte blue bottle,Food
latte dunkin,Food
latte krispy kreme,Food
latte peet's,Food
little caesars breadsticks,Food
little caesars slice,Food
lunch,Food
lunch arby's,Food
lunch at cheesecake factory,Food
lunch at chili's,Food
lunch at chipotle,Food
lunch at ihop,Food
lunch at mcdonald's,Food
lunch chili's,Food
lunch culver's,Food
lunch delivery doordash,Food
lunch delivery postmates,Food
lunch delivery uber eats,Food
lunch denny's,Food
lunch first watch,Food
lunch five guys,Food
lunch ihop,Food
lunch olive garden,Food
lunch outback,Food
lunch panda express,Food
lunch panera,Food
lunch taco bell,Food
lunch wendy's,Food
mcdonald's burger,Food
mcdonald's combo meal,Food
mcdonald's tacos,Food
meijer olive oil,Food
milk albertsons,Food
milk at h-e-b,Food
milk at sprouts,Food
milk kroger,Food
muffin at dutch bros,Food
muffin at starbucks,Food
muffin dunkin,Food
muffin jamba juice,Food
noodles & company dumplings,Food
noodles & company pad thai,Food
noodles noodles & company,Food
nuggets at arby's,Food
nuggets at panera,Food
nuggets culver's,Food
nuggets jersey mike's,Food
nuggets sweetgreen,Food
nuggets whataburger,Food
office lunch,Food
olive garden brunch,Food
olive garden dinner,Food
olive garden wings,Food
olive oil aldi,Food
olive oil at food lion,Food
olive oil at meijer,Food
olive oil at wegmans,Food
olive oil at whole foods,Food
olive oil giant,Food
olive oil h-e-b,Food
olive oil meijer,Food
olive oil safeway,Food
olive oil stop & shop,Food
orange juice,Food
orange juice albertsons,Food
orange juice at h-e-b,Food
orange juice at meijer,Food
orange juice at safeway,Food
orange juice meijer,Food
orange juice sprouts,Food
orange juice wegmans,Food
outback breakfast,Food
pad thai at noodles & company,Food
pad thai cava,Food
panda express,Food
panda express burger,Food
panda express curry,Food
panda express noodles,Food
panda express pho,Food
panda express salad,Food
panda express takeout,Food
panera burrito bowl,Food
panera salad,Food
papa john's pizza delivery,Food
papa john's slice,Food
pasta,Food
pasta at buffalo wild wings,Food
pasta at cracker barrel,Food
pasta at giant,Food
pasta at h-e-b,Food
pasta at kroger,Food
pasta at red robin,Food
pasta chili's,Food
pasta meijer,Food
pasta olive garden,Food
pasta red lobster,Food
pastry at blue bottle,Food
pastry at dunkin,Food
pastry dunkin,Food
pastry dutch bros,Food
pastry tim hortons,Food
peanut butter at food lion,Food
peanut butter giant,Food
peanut butter meijer,Food
peanut butter publix,Food
peanut butter safeway,Food
peanut butter stop & shop,Food
peanut butter wegmans,Food
peanut butter whole foods,Food
peet's,Food
peet's bagel,Food
peet's breakfast sandwich,Food
pei wei sushi,Food
pho,Food
pho at pei wei,Food
pho cava,Food
pizza at pizza hut,Food
pizza delivery at blaze pizza,Food
pizza delivery at pizza hut,Food
pizza delivery domino's,Food
pizza delivery little caesars,Food
pizza hut pizza delivery,Food
pizza little caesars,Food
pizza pizza hut,Food
poke bowl at panda express,Food
poke bowl panda express,Food
popeyes,Food
popeyes lunch,Food
popeyes sub,Food
produce albertsons,Food
produce at albertsons,Food
produce at food lion,Food
produce meijer,Food
produce publix,Food
produce sprouts,Food
produce stop & shop,Food
produce winn-dixie,Food
publix bread,Food
publix cereal,Food
publix pasta,Food
publix peanut butter,Food
publix produce,Food
quesadilla arby's,Food
quesadilla at jimmy john's,Food
quesadilla five guys,Food
quesadilla jimmy john's,Food
quesadilla mcdonald's,Food
quesadilla whataburger,Food
raising cane's burrito bowl,Food
raising cane's combo meal,Food
raising cane's salad,Food
red lobster brunch,Food
red lobster lunch,Food
red lobster wings,Food
red robin lunch,Food
rice,Food
rice albertsons,Food
rice at aldi,Food
rice h-e-b,Food
rice sprouts,Food
rice wegmans,Food
safeway cheese,Food
safeway frozen pizza,Food
safeway groceries,Food
safeway grocery run,Food
safeway orange juice,Food
safeway pasta,Food
safeway vegetables,Food
salad arby's,Food
salad at jersey mike's,Food
salad at jimmy john's,Food
salad at mcdonald's,Food
salad at sonic,Food
salad burger king,Food
salad culver's,Food
salad kfc,Food
salad mcdonald's,Food
salad subway,Food
salad sweetgreen,Food
salad whataburger,Food
sandwich,Food
sandwich at arby's,Food
sandwich at chick-fil-a,Food
sandwich at panera,Food
sandwich at subway,Food
sandwich at sweetgreen,Food
sandwich at taco bell,Food
sandwich at whataburger,Food
sandwich culver's,Food
sandwich kfc,Food
sandwich panera,Food
sandwich shake shack,Food
sandwich sonic,Food
sandwich subway,Food
sandwich taco bell,Food
sandwich wendy's,Food
seamless,Food
shake shack,Food
shake shack bowl,Food
shake shack burrito,Food
shake shack quesadilla,Food
shake shack tacos,Food
shake shack wings,Food
slice blaze pizza,Food
slice little caesars,Food
smoothie at dutch bros,Food
smoothie at peet's,Food
smoothie blue bottle,Food
smoothie dunkin,Food
snacks at food lion,Food
snacks safeway,Food
snacks sprouts,Food
sonic burrito bowl,Food
sonic fried chicken,Food
sonic fries,Food
sonic lunch,Food
sonic wings,Food
sprouts cheese,Food
sprouts chips,Food
sprouts coffee beans,Food
sprouts ice cream,Food
sprouts pasta,Food
sprouts peanut butter,Food
sprouts vegetables,Food
starbucks,Food
starbucks americano,Food
starbucks cappuccino,Food
starbucks coffee,Food
starbucks espresso,Food
steak dinner at cracker barrel,Food
steak dinner at denny's,Food
steak dinner at outback,Food
steak dinner buffalo wild wings,Food
steak dinner cracker barrel,Food
steak dinner olive garden,Food
steak dinner outback,Food
steak dinner red robin,Food
stop & shop,Food
stop & shop cheese,Food
stop & shop eggs,Food
stop & shop orange juice,Food
stop & shop pasta,Food
stop & shop vegetables,Food
sub at chick-fil-a,Food
sub at whataburger,Food
sub in-n-out,Food
sub mcdonald's,Food
subway burger,Food
subway combo meal,Food
subway fried chicken,Food
subway nuggets,Food
subway quesadilla,Food
sushi at pei wei,Food
sushi noodles & company,Food
sushi pei wei,Food
sweetgreen,Food
sweetgreen bowl,Food
sweetgreen burger,Food
sweetgreen burrito,Food
sweetgreen dinner,Food
sweetgreen fried chicken,Food
sweetgreen nuggets,Food
sweetgreen salad,Food
sweetgreen takeout,Food
sweetgreen wings,Food
taco bell,Food
taco bell burrito bowl,Food
taco bell dinner,Food
taco bell sandwich,Food
tacos,Food
tacos at chipotle,Food
tacos at shake shack,Food
tacos culver's,Food
tacos jersey mike's,Food
tacos mcdonald's,Food
tacos panera,Food
tacos shake shack,Food
tacos subway,Food
tacos wendy's,Food
takeout arby's,Food
takeout at arby's,Food
takeout at culver's,Food
takeout at five guys,Food
takeout at jersey mike's,Food
takeout at sweetgreen,Food
takeout doordash,Food
takeout grubhub,Food
takeout in-n-out,Food
takeout panera,Food
takeout popeyes,Food
takeout uber eats,Food
team lunch,Food
texas roadhouse appetizers,Food
tim hortons americano,Food
tim hortons cold brew,Food
tim hortons latte,Food
trader joe's,Food
trader joe's cereal,Food
trader joe's eggs,Food
uber eats food delivery,Food
uber eats grocery delivery,Food
uber eats late night order,Food
uber eats takeout,Food
vegetables at kroger,Food
vegetables at trader joe's,Food
vegetables at wegmans,Food
vegetables giant,Food
vegetables h-e-b,Food
vegetables winn-dixie,Food
waffle house,Food
waffle house brunch,Food
waffle house family dinner,Food
waffle house wings,Food
weekly groceries at albertsons,Food
weekly groceries at h-e-b,Food
weekly groceries at stop & shop,Food
weekly groceries food lion,Food
weekly groceries giant,Food
weekly groceries h-e-b,Food
weekly groceries kroger,Food
weekly groceries sprouts,Food
weekly groceries trader joe's,Food
weekly groceries whole foods,Food
weekly groceries winn-dixie,Food
wegmans chicken,Food
wegmans eggs,Food
wegmans grocery run,Food
wegmans ice cream,Food
wendy's,Food
wendy's bowl,Food
wendy's fries,Food
wendy's takeout,Food
whataburger bowl,Food
whataburger burrito bowl,Food
whataburger combo meal,Food
whataburger dinner,Food
whataburger takeout,Food
whole foods,Food
whole foods coffee beans,Food
whole foods eggs,Food
whole foods frozen pizza,Food
whole foods olive oil,Food
wings,Food
wings applebee's,Food
wings at applebee's,Food
wings at ihop,Food
wings at mcdonald's,Food
wings at taco bell,Food
wings at whataburger,Food
wings buffalo wild wings,Food
wings cheesecake factory,Food
wings denny's,Food
wings domino's,Food
wings jimmy john's,Food
wings little caesars,Food
wings outback,Food
wings shake shack,Food
wings sonic,Food
wings texas roadhouse,Food
wings waffle house,Food
winn-dixie bread,Food
winn-dixie cereal,Food
winn-dixie chicken,Food
winn-dixie eggs,Food
winn-dixie frozen pizza,Food
winn-dixie groceries,Food
winn-dixie ground beef,Food
winn-dixie olive oil,Food
winn-dixie peanut butter,Food
winn-dixie rice,Food
yogurt albertsons,Food
yogurt aldi,Food
yogurt h-e-b,Food
yogurt kroger,Food
yogurt safeway,Food
yogurt stop & shop,Food
76 diesel,Transportation
76 fill up,Transportation
76 gas,Transportation
advance auto parts,Transportation
advance auto parts alignment,Transportation
advance auto parts car battery,Transportation
advance auto parts car wash,Transportation
advance auto parts coolant,Transportation
advance auto parts engine air filter,Transportation
advance auto parts smog check,Transportation
advance auto parts wiper blades,Transportation
airport ride at curb,Transportation
airport ride at lyft,Transportation
airport ride at via,Transportation
airport ride uber,Transportation
alignment at autozone,Transportation
alignment at firestone,Transportation
alignment at pep boys,Transportation
alignment autozone,Transportation
alignment discount tire,Transportation
alignment jiffy lube,Transportation
alignment napa auto parts,Transportation
alignment valvoline,Transportation
amtrak bus fare,Transportation
amtrak light rail fare,Transportation
amtrak metro card,Transportation
amtrak transit pass,Transportation
arco fill up,Transportation
arco fuel,Transportation
arco gas,Transportation
arco gas fill up,Transportation
arco premium gas,Transportation
arco tank of gas,Transportation
autozone alignment,Transportation
autozone brake pads,Transportation
autozone coolant,Transportation
autozone emissions test,Transportation
autozone engine air filter,Transportation
autozone new tires,Transportation
autozone tire rotation,Transportation
autozone wiper blades,Transportation
bart commuter rail,Transportation
bart train ticket,Transportation
bike rental,Transportation
bike rental citi bike,Transportation
bike rental zipcar,Transportation
bike share at bird,Transportation
bike share at citi bike,Transportation
bike share at divvy,Transportation
bike share bird,Transportation
bike share citi bike,Transportation
bike share divvy,Transportation
bird,Transportation
bird scooter rental,Transportation
bp,Transportation
bp fill up,Transportation
bp gas,Transportation
bp half tank,Transportation
brake pads advance auto parts,Transportation
brake pads at midas,Transportation
brake pads at o'reilly,Transportation
brake pads at pep boys,Transportation
brake pads autozone,Transportation
brake pads firestone,Transportation
brake pads les schwab,Transportation
brake pads midas,Transportation
brake pads o'reilly,Transportation
bridge toll,Transportation
bridge toll at e-zpass,Transportation
bridge toll at spothero,Transportation
bridge toll at sunpass,Transportation
bridge toll e-zpass,Transportation
bridge toll laz parking,Transportation
bridge toll sunpass,Transportation
bus fare,Transportation
bus fare at metro,Transportation
bus fare bart,Transportation
bus fare caltrain,Transportation
bus fare cta,Transportation
bus fare marta,Transportation
bus fare mta,Transportation
bus fare muni,Transportation
cab,Transportation
cab at curb,Transportation
cab curb,Transportation
cab lyft,Transportation
cab uber,Transportation
cab via,Transportation
caltrain,Transportation
caltrain bus fare,Transportation
caltrain commuter rail,Transportation
caltrain light rail fare,Transportation
caltrain metro card,Transportation
caltrain monthly transit pass,Transportation
caltrain subway fare,Transportation
caltrain train ticket,Transportation
caltrain transit pass,Transportation
car battery advance auto parts,Transportation
car battery at les schwab,Transportation
car battery at midas,Transportation
car battery at pep boys,Transportation
car battery les schwab,Transportation
car battery o'reilly,Transportation
car battery pep boys,Transportation
car wash at firestone,Transportation
car wash at napa auto parts,Transportation
car wash at o'reilly,Transportation
car wash autozone,Transportation
car wash discount tire,Transportation
car wash les schwab,Transportation
car wash pep boys,Transportation
car wash valvoline,Transportation
chevron,Transportation
chevron fuel,Transportation
chevron tank of gas,Transportation
circle k,Transportation
circle k fill up,Transportation
circle k gas fill up,Transportation
circle k premium gas,Transportation
citgo,Transportation
citgo fill up,Transportation
citgo gas,Transportation
citgo premium gas,Transportation
citgo tank of gas,Transportation
citi bike,Transportation
commuter rail,Transportation
commuter rail amtrak,Transportation
commuter rail at marta,Transportation
commuter rail at muni,Transportation
commuter rail at septa,Transportation
commuter rail marta,Transportation
commuter rail metro,Transportation
commuter rail nj transit,Transportation
commuter rail septa,Transportation
commuter rail wmata,Transportation
coolant,Transportation
coolant at firestone,Transportation
coolant at les schwab,Transportation
coolant at pep boys,Transportation
coolant autozone,Transportation
coolant discount tire,Transportation
coolant jiffy lube,Transportation
coolant les schwab,Transportation
coolant midas,Transportation
coolant napa auto parts,Transportation
coolant o'reilly,Transportation
coolant pep boys,Transportation
coolant valvoline,Transportation
costco gas fill up,Transportation
costco gas fuel,Transportation
costco gas gas,Transportation
costco gas premium gas,Transportation
cta,Transportation
cta commuter rail,Transportation
cta monthly transit pass,Transportation
cta subway fare,Transportation
cta train ticket,Transportation
cta transit pass,Transportation
curb late night ride,Transportation
curb ride to work,Transportation
curb rideshare,Transportation
curb surge ride,Transportation
curb taxi,Transportation
day pass,Transportation
day pass at zipcar,Transportation
day pass bird,Transportation
day pass citi bike,Transportation
day pass divvy,Transportation
day pass lime,Transportation
diesel,Transportation
diesel 76,Transportation
diesel at arco,Transportation
diesel at bp,Transportation
diesel at chevron,Transportation
diesel at costco gas,Transportation
diesel at marathon,Transportation
diesel at sheetz,Transportation
diesel at speedway,Transportation
diesel at valero,Transportation
diesel at wawa,Transportation
diesel chevron,Transportation
diesel costco gas,Transportation
diesel sunoco,Transportation
diesel valero,Transportation
diesel wawa,Transportation
discount tire alignment,Transportation
discount tire brake pads,Transportation
discount tire car wash,Transportation
discount tire coolant,Transportation
discount tire inspection,Transportation
discount tire oil change,Transportation
discount tire tire rotation,Transportation
discount tire wiper blades,Transportation
divvy,Transportation
divvy bike rental,Transportation
divvy bike share,Transportation
divvy scooter rental,Transportation
e-zpass,Transportation
e-zpass bridge toll,Transportation
e-zpass event parking,Transportation
e-zpass monthly parking,Transportation
e-zpass parking,Transportation
e-zpass parking garage,Transportation
e-zpass toll,Transportation
e-zpass tolls,Transportation
emissions test advance auto parts,Transportation
emissions test at discount tire,Transportation
emissions test at jiffy lube,Transportation
emissions test at midas,Transportation
emissions test jiffy lube,Transportation
emissions test les schwab,Transportation
emissions test napa auto parts,Transportation
emissions test o'reilly,Transportation
emissions test pep boys,Transportation
emissions test valvoline,Transportation
engine air filter at autozone,Transportation
engine air filter at discount tire,Transportation
engine air filter at midas,Transportation
engine air filter autozone,Transportation
engine air filter discount tire,Transportation
engine air filter firestone,Transportation
engine air filter jiffy lube,Transportation
event parking,Transportation
event parking at e-zpass,Transportation
event parking at sunpass,Transportation
event parking e-zpass,Transportation
event parking laz parking,Transportation
event parking parkmobile,Transportation
event parking spothero,Transportation
event parking sunpass,Transportation
express lane,Transportation
express lane at laz parking,Transportation
express lane e-zpass,Transportation
express lane parkmobile,Transportation
express lane spothero,Transportation
express lane sunpass,Transportation
exxon,Transportation
exxon diesel,Transportation
exxon gas,Transportation
exxon gas fill up,Transportation
fare reload amtrak,Transportation
fare reload at amtrak,Transportation
fare reload at muni,Transportation
fare reload at nj transit,Transportation
fare reload at wmata,Transportation
fare reload caltrain,Transportation
fare reload mta,Transportation
fare reload muni,Transportation
fare reload nj transit,Transportation
fare reload septa,Transportation
fare reload wmata,Transportation
fill up,Transportation
fill up at chevron,Transportation
fill up at exxon,Transportation
fill up at wawa,Transportation
fill up bp,Transportation
fill up chevron,Transportation
fill up circle k,Transportation
fill up citgo,Transportation
fill up costco gas,Transportation
fill up exxon,Transportation
fill up marathon,Transportation
fill up mobil,Transportation
fill up quiktrip,Transportation
fill up racetrac,Transportation
fill up sheetz,Transportation
fill up speedway,Transportation
fill up sunoco,Transportation
fill up valero,Transportation
fill up wawa,Transportation
firestone brake pads,Transportation
firestone car battery,Transportation
firestone car wash,Transportation
firestone new tires,Transportation
firestone wiper blades,Transportation
fuel,Transportation
fuel at circle k,Transportation
fuel at citgo,Transportation
fuel at exxon,Transportation
fuel at quiktrip,Transportation
fuel at sunoco,Transportation
fuel at wawa,Transportation
fuel chevron,Transportation
fuel circle k,Transportation
fuel costco gas,Transportation
fuel exxon,Transportation
fuel marathon,Transportation
fuel mobil,Transportation
fuel racetrac,Transportation
fuel sam's club gas,Transportation
fuel sheetz,Transportation
fuel speedway,Transportation
fuel sunoco,Transportation
fuel valero,Transportation
fuel wawa,Transportation
gas,Transportation
gas 76,Transportation
gas at 76,Transportation
gas at arco,Transportation
gas at bp,Transportation
gas at costco gas,Transportation
gas at exxon,Transportation
gas at quiktrip,Transportation
gas at racetrac,Transportation
gas at shell,Transportation
gas at speedway,Transportation
gas at wawa,Transportation
gas bp,Transportation
gas chevron,Transportation
gas circle k,Transportation
gas citgo,Transportation
gas costco gas,Transportation
gas fill up 76,Transportation
gas fill up at 76,Transportation
gas fill up at arco,Transportation
gas fill up at circle k,Transportation
gas fill up at costco gas,Transportation
gas fill up at mobil,Transportation
gas fill up at racetrac,Transportation
gas fill up at sam's club gas,Transportation
gas fill up at shell,Transportation
gas fill up at speedway,Transportation
gas fill up at sunoco,Transportation
gas fill up bp,Transportation
gas fill up exxon,Transportation
gas fill up mobil,Transportation
gas fill up quiktrip,Transportation
gas fill up racetrac,Transportation
gas fill up sheetz,Transportation
gas fill up shell,Transportation
gas fill up speedway,Transportation
gas fill up sunoco,Transportation
gas fill up wawa,Transportation
gas quiktrip,Transportation
gas racetrac,Transportation
gas speedway,Transportation
gas sunoco,Transportation
gas valero,Transportation
half tank,Transportation
half tank 76,Transportation
half tank at 76,Transportation
half tank at bp,Transportation
half tank at costco gas,Transportation
half tank at mobil,Transportation
half tank at quiktrip,Transportation
half tank at wawa,Transportation
half tank bp,Transportation
half tank circle k,Transportation
half tank citgo,Transportation
half tank costco gas,Transportation
half tank marathon,Transportation
half tank mobil,Transportation
half tank quiktrip,Transportation
half tank sheetz,Transportation
half tank shell,Transportation
half tank wawa,Transportation
inspection,Transportation
inspection advance auto parts,Transportation
inspection at discount tire,Transportation
inspection at les schwab,Transportation
inspection at o'reilly,Transportation
inspection autozone,Transportation
inspection firestone,Transportation
inspection jiffy lube,Transportation
inspection midas,Transportation
inspection o'reilly,Transportation
inspection pep boys,Transportation
inspection valvoline,Transportation
jiffy lube,Transportation
jiffy lube brake pads,Transportation
jiffy lube car battery,Transportation
jiffy lube car wash,Transportation
jiffy lube coolant,Transportation
jiffy lube inspection,Transportation
jiffy lube new tires,Transportation
jiffy lube windshield wipers,Transportation
jump start,Transportation
late night ride,Transportation
late night ride at curb,Transportation
late night ride at uber,Transportation
late night ride curb,Transportation
late night ride uber,Transportation
laz parking,Transportation
laz parking monthly parking,Transportation
laz parking parking,Transportation
laz parking parking garage,Transportation
laz parking parking meter,Transportation
laz parking toll,Transportation
laz parking tolls,Transportation
les schwab,Transportation
les schwab alignment,Transportation
les schwab car wash,Transportation
les schwab coolant,Transportation
les schwab inspection,Transportation
les schwab oil change,Transportation
les schwab smog check,Transportation
les schwab tire rotation,Transportation
license renewal,Transportation
light rail fare,Transportation
light rail fare at bart,Transportation
light rail fare cta,Transportation
light rail fare muni,Transportation
light rail fare wmata,Transportation
lime day pass,Transportation
lyft airport ride,Transportation
lyft late night ride,Transportation
lyft ride to work,Transportation
lyft surge ride,Transportation
lyft taxi,Transportation
marathon fuel,Transportation
marathon gas,Transportation
marathon gas fill up,Transportation
marathon tank of gas,Transportation
marta metro card,Transportation
marta train ticket,Transportation
marta transit pass,Transportation
metro,Transportation
metro card,Transportation
metro card at bart,Transportation
metro card at metro,Transportation
metro card at muni,Transportation
metro card at septa,Transportation
metro card caltrain,Transportation
metro card muni,Transportation
metro commuter rail,Transportation
metro fare reload,Transportation
metro light rail fare,Transportation
metro monthly transit pass,Transportation
metro train ticket,Transportation
midas,Transportation
midas car battery,Transportation
midas car wash,Transportation
midas new tires,Transportation
midas windshield wipers,Transportation
midas wiper blades,Transportation
mobil diesel,Transportation
mobil fill up,Transportation
mobil fuel,Transportation
mobil gas,Transportation
mobil gas fill up,Transportation
mobil premium gas,Transportation
mobil tank of gas,Transportation
monthly parking at e-zpass,Transportation
monthly parking at spothero,Transportation
monthly parking e-zpass,Transportation
monthly parking laz parking,Transportation
monthly parking parkmobile,Transportation
monthly parking spothero,Transportation
monthly parking sunpass,Transportation
monthly transit pass,Transportation
monthly transit pass amtrak,Transportation
monthly transit pass at bart,Transportation
monthly transit pass at caltrain,Transportation
monthly transit pass at muni,Transportation
monthly transit pass at nj transit,Transportation
monthly transit pass at wmata,Transportation
monthly transit pass bart,Transportation
monthly transit pass mta,Transportation
monthly transit pass muni,Transportation
monthly transit pass septa,Transportation
monthly transit pass wmata,Transportation
mta,Transportation
mta bus fare,Transportation
mta commuter rail,Transportation
mta metro card,Transportation
mta train ticket,Transportation
muni,Transportation
muni bus fare,Transportation
muni fare reload,Transportation
muni light rail fare,Transportation
muni monthly transit pass,Transportation
muni train ticket,Transportation
napa auto parts,Transportation
napa auto parts alignment,Transportation
napa auto parts brake pads,Transportation
napa auto parts car battery,Transportation
napa auto parts engine air filter,Transportation
napa auto parts windshield wipers,Transportation
napa auto parts wiper blades,Transportation
new tires at firestone,Transportation
new tires at midas,Transportation
new tires at o'reilly,Transportation
new tires autozone,Transportation
new tires discount tire,Transportation
new tires jiffy lube,Transportation
new tires midas,Transportation
new tires valvoline,Transportation
nj transit,Transportation
nj transit bus fare,Transportation
nj transit fare reload,Transportation
nj transit light rail fare,Transportation
nj transit monthly transit pass,Transportation
nj transit train ticket,Transportation
o'reilly,Transportation
o'reilly alignment,Transportation
o'reilly brake pads,Transportation
o'reilly car battery,Transportation
o'reilly car wash,Transportation
o'reilly inspection,Transportation
o'reilly new tires,Transportation
o'reilly oil change,Transportation
o'reilly tire rotation,Transportation
o'reilly windshield wipers,Transportation
o'reilly wiper blades,Transportation
oil change,Transportation
oil change advance auto parts,Transportation
oil change at autozone,Transportation
oil change at valvoline,Transportation
oil change autozone,Transportation
oil change discount tire,Transportation
oil change firestone,Transportation
oil change jiffy lube,Transportation
oil change o'reilly,Transportation
oil change pep boys,Transportation
parking,Transportation
parking at spothero,Transportation
parking at sunpass,Transportation
parking e-zpass,Transportation
parking garage at e-zpass,Transportation
parking garage at sunpass,Transportation
parking garage laz parking,Transportation
parking garage parkmobile,Transportation
parking garage spothero,Transportation
parking garage sunpass,Transportation
parking laz parking,Transportation
parking meter at e-zpass,Transportation
parking meter at sunpass,Transportation
parking meter parkmobile,Transportation
parking meter spothero,Transportation
parking meter sunpass,Transportation
parking spothero,Transportation
parkmobile,Transportation
parkmobile express lane,Transportation
parkmobile parking meter,Transportation
parkmobile toll,Transportation
pep boys,Transportation
pep boys alignment,Transportation
pep boys car battery,Transportation
pep boys emissions test,Transportation
pep boys engine air filter,Transportation
pep boys inspection,Transportation
pep boys windshield wipers,Transportation
premium gas,Transportation
premium gas at 76,Transportation
premium gas at arco,Transportation
premium gas at bp,Transportation
premium gas at circle k,Transportation
premium gas at mobil,Transportation
premium gas at valero,Transportation
premium gas at wawa,Transportation
premium gas bp,Transportation
premium gas costco gas,Transportation
premium gas exxon,Transportation
premium gas marathon,Transportation
premium gas mobil,Transportation
premium gas racetrac,Transportation
premium gas sheetz,Transportation
premium gas speedway,Transportation
premium gas sunoco,Transportation
premium gas valero,Transportation
quiktrip diesel,Transportation
quiktrip fuel,Transportation
quiktrip gas,Transportation
quiktrip gas fill up,Transportation
quiktrip premium gas,Transportation
racetrac,Transportation
racetrac gas,Transportation
registration renewal,Transportation
ride at via,Transportation
ride downtown at curb,Transportation
ride downtown at uber,Transportation
ride downtown at via,Transportation
ride downtown via,Transportation
ride home,Transportation
ride home at uber,Transportation
ride home curb,Transportation
ride home lyft,Transportation
ride home uber,Transportation
ride home via,Transportation
ride lyft,Transportation
ride to work at lyft,Transportation
ride to work curb,Transportation
ride to work via,Transportation
ride via,Transportation
rideshare at via,Transportation
rideshare curb,Transportation
sam's club gas,Transportation
sam's club gas diesel,Transportation
sam's club gas fill up,Transportation
sam's club gas fuel,Transportation
sam's club gas gas,Transportation
sam's club gas gas fill up,Transportation
sam's club gas tank of gas,Transportation
scooter rental at citi bike,Transportation
scooter rental bird,Transportation
scooter rental lime,Transportation
septa,Transportation
septa bus fare,Transportation
septa commuter rail,Transportation
septa fare reload,Transportation
septa metro card,Transportation
septa monthly transit pass,Transportation
septa transit pass,Transportation
sheetz fill up,Transportation
sheetz gas,Transportation
sheetz gas fill up,Transportation
sheetz half tank,Transportation
shell,Transportation
shell diesel,Transportation
shell fuel,Transportation
shell gas,Transportation
shell half tank,Transportation
shell premium gas,Transportation
shell tank of gas,Transportation
smog check,Transportation
smog check at advance auto parts,Transportation
smog check at discount tire,Transportation
smog check at firestone,Transportation
smog check at jiffy lube,Transportation
smog check at les schwab,Transportation
smog check at o'reilly,Transportation
smog check at valvoline,Transportation
smog check autozone,Transportation
smog check firestone,Transportation
smog check jiffy lube,Transportation
smog check napa auto parts,Transportation
speedway,Transportation
speedway fuel,Transportation
speedway gas fill up,Transportation
speedway half tank,Transportation
speedway premium gas,Transportation
spothero express lane,Transportation
spothero monthly parking,Transportation
spothero parking,Transportation
spothero parking garage,Transportation
spothero street parking,Transportation
spothero toll,Transportation
spothero tolls,Transportation
street parking at e-zpass,Transportation
street parking at laz parking,Transportation
street parking at parkmobile,Transportation
street parking at sunpass,Transportation
street parking e-zpass,Transportation
street parking spothero,Transportation
street parking sunpass,Transportation
subway fare amtrak,Transportation
subway fare at bart,Transportation
subway fare at marta,Transportation
subway fare caltrain,Transportation
subway fare cta,Transportation
subway fare marta,Transportation
subway fare metro,Transportation
subway fare mta,Transportation
subway fare muni,Transportation
subway fare nj transit,Transportation
subway fare septa,Transportation
sunoco fuel,Transportation
sunoco gas,Transportation
sunoco gas fill up,Transportation
sunoco tank of gas,Transportation
sunpass express lane,Transportation
sunpass toll,Transportation
sunpass tolls,Transportation
surge ride,Transportation
surge ride at curb,Transportation
surge ride at lyft,Transportation
surge ride curb,Transportation
surge ride lyft,Transportation
surge ride uber,Transportation
surge ride via,Transportation
tank of gas arco,Transportation
tank of gas at 76,Transportation
tank of gas at arco,Transportation
tank of gas at chevron,Transportation
tank of gas at circle k,Transportation
tank of gas at exxon,Transportation
tank of gas at marathon,Transportation
tank of gas at mobil,Transportation
tank of gas at sam's club gas,Transportation
tank of gas at sheetz,Transportation
tank of gas at speedway,Transportation
tank of gas at valero,Transportation
tank of gas chevron,Transportation
tank of gas citgo,Transportation
tank of gas costco gas,Transportation
tank of gas marathon,Transportation
tank of gas mobil,Transportation
tank of gas quiktrip,Transportation
tank of gas racetrac,Transportation
tank of gas sam's club gas,Transportation
tank of gas sheetz,Transportation
tank of gas shell,Transportation
tank of gas wawa,Transportation
taxi,Transportation
taxi curb,Transportation
taxi lyft,Transportation
taxi uber,Transportation
tire rotation at les schwab,Transportation
tire rotation at napa auto parts,Transportation
tire rotation at o'reilly,Transportation
tire rotation at pep boys,Transportation
tire rotation autozone,Transportation
tire rotation discount tire,Transportation
tire rotation firestone,Transportation
tire rotation les schwab,Transportation
tire rotation napa auto parts,Transportation
tire rotation pep boys,Transportation
tire rotation valvoline,Transportation
toll,Transportation
toll at e-zpass,Transportation
toll at sunpass,Transportation
toll e-zpass,Transportation
toll laz parking,Transportation
toll spothero,Transportation
toll sunpass,Transportation
tolls,Transportation
tolls at laz parking,Transportation
tolls at spothero,Transportation
tolls e-zpass,Transportation
tolls laz parking,Transportation
tolls parkmobile,Transportation
tolls spothero,Transportation
tolls sunpass,Transportation
train ticket at metro,Transportation
train ticket at septa,Transportation
train ticket at wmata,Transportation
train ticket bart,Transportation
train ticket caltrain,Transportation
train ticket cta,Transportation
train ticket metro,Transportation
train ticket mta,Transportation
train ticket muni,Transportation
train ticket septa,Transportation
transit pass,Transportation
transit pass amtrak,Transportation
transit pass at metro,Transportation
transit pass bart,Transportation
transit pass caltrain,Transportation
transit pass cta,Transportation
transit pass marta,Transportation
transit pass mta,Transportation
transit pass nj transit,Transportation
uber airport ride,Transportation
uber ride downtown,Transportation
uber ride home,Transportation
uber rideshare,Transportation
valero diesel,Transportation
valero fill up,Transportation
valero fuel,Transportation
valero gas,Transportation
valero gas fill up,Transportation
valero premium gas,Transportation
valero tank of gas,Transportation
valvoline,Transportation
valvoline coolant,Transportation
valvoline emissions test,Transportation
valvoline engine air filter,Transportation
valvoline new tires,Transportation
valvoline windshield wipers,Transportation
via cab,Transportation
via late night ride,Transportation
via ride,Transportation
via ride downtown,Transportation
via ride home,Transportation
via surge ride,Transportation
via taxi,Transportation
wawa fill up,Transportation
wawa fuel,Transportation
wawa half tank,Transportation
wawa tank of gas,Transportation
windshield wipers,Transportation
windshield wipers advance auto parts,Transportation
windshield wipers at advance auto parts,Transportation
windshield wipers at autozone,Transportation
windshield wipers at les schwab,Transportation
windshield wipers at napa auto parts,Transportation
windshield wipers at o'reilly,Transportation
windshield wipers autozone,Transportation
windshield wipers o'reilly,Transportation
wiper blades at advance auto parts,Transportation
wiper blades at discount tire,Transportation
wiper blades at firestone,Transportation
wiper blades at jiffy lube,Transportation
wiper blades at midas,Transportation
wiper blades at o'reilly,Transportation
wiper blades at valvoline,Transportation
wiper blades discount tire,Transportation
wiper blades firestone,Transportation
wiper blades jiffy lube,Transportation
wiper blades les schwab,Transportation
wiper blades napa auto parts,Transportation
wiper blades o'reilly,Transportation
wiper blades pep boys,Transportation
wmata fare reload,Transportation
wmata monthly transit pass,Transportation
wmata subway fare,Transportation
wmata transit pass,Transportation
zipcar,Transportation
zipcar bike rental,Transportation
zipcar day pass,Transportation
abercrombie,Apparel
abercrombie belt,Apparel
abercrombie cardigan,Apparel
abercrombie dress shirt,Apparel
abercrombie hoodie,Apparel
abercrombie jeans,Apparel
abercrombie pajamas,Apparel
abercrombie sweatshirt,Apparel
abercrombie underwear,Apparel
adidas,Apparel
adidas athletic socks,Apparel
aerie belt,Apparel
aerie cardigan,Apparel
aerie dress,Apparel
aerie dress shirt,Apparel
aerie shorts,Apparel
aerie sweater,Apparel
aerie swim trunks,Apparel
allbirds basketball shoes,Apparel
allbirds boots,Apparel
allbirds cleats,Apparel
american eagle,Apparel
american eagle blouse,Apparel
american eagle chinos,Apparel
american eagle hoodie,Apparel
american eagle jeans,Apparel
american eagle shorts,Apparel
american eagle underwear,Apparel
american eagle work clothes,Apparel
asos,Apparel
asos cardigan,Apparel
asos jacket,Apparel
asos pajamas,Apparel
asos skirt,Apparel
asos swim trunks,Apparel
athleta fleece,Apparel
athletic socks at famous footwear,Apparel
athletic socks at nike,Apparel
athletic socks at puma,Apparel
athletic socks at sketchers,Apparel
athletic socks at under armour,Apparel
athletic socks brooks,Apparel
athletic socks dsw,Apparel
athletic socks famous footwear,Apparel
athletic socks nike,Apparel
athletic socks puma,Apparel
athletic socks under armour,Apparel
banana republic blouse,Apparel
banana republic jacket,Apparel
banana republic new outfit,Apparel
banana republic school clothes,Apparel
base layer at patagonia,Apparel
base layer columbia,Apparel
base layer fabletics,Apparel
base layer lululemon,Apparel
base layer rei,Apparel
base layer the north face,Apparel
basketball shoes at brooks,Apparel
basketball shoes at converse,Apparel
basketball shoes at dsw,Apparel
basketball shoes at famous footwear,Apparel
basketball shoes at under armour,Apparel
basketball shoes puma,Apparel
basketball shoes sketchers,Apparel
basketball shoes vans,Apparel
beanie,Apparel
beanie at dillard's,Apparel
beanie at kohl's,Apparel
beanie at ross,Apparel
beanie at thredup,Apparel
beanie dillard's,Apparel
beanie kohl's,Apparel
beanie marshalls,Apparel
beanie poshmark,Apparel
belt aerie,Apparel
belt asos,Apparel
belt at asos,Apparel
belt at j.crew,Apparel
belt at madewell,Apparel
belt at uniqlo,Apparel
belt at zara,Apparel
belt banana republic,Apparel
belt express,Apparel
belt forever 21,Apparel
belt h&m,Apparel
belt j.crew,Apparel
belt levi's,Apparel
belt madewell,Apparel
blazer burlington,Apparel
blazer dillard's,Apparel
blazer kohl's,Apparel
blazer marshalls,Apparel
blazer nordstrom,Apparel
blazer nordstrom rack,Apparel
blazer tj maxx,Apparel
blouse,Apparel
blouse abercrombie,Apparel
blouse levi's,Apparel
blouse madewell,Apparel
boots,Apparel
boots adidas,Apparel
boots at adidas,Apparel
boots at brooks,Apparel
boots at converse,Apparel
boots dsw,Apparel
boots foot locker,Apparel
boots puma,Apparel
boots sketchers,Apparel
boots under armour,Apparel
boots vans,Apparel
brooks,Apparel
burlington coat,Apparel
burlington dress,Apparel
burlington dress for the wedding,Apparel
burlington handbag,Apparel
burlington hat,Apparel
burlington suit,Apparel
burlington sunglasses,Apparel
burlington wallet,Apparel
cardigan at aerie,Apparel
cardigan at american eagle,Apparel
cardigan at shein,Apparel
cardigan at zara,Apparel
cardigan j.crew,Apparel
cardigan levi's,Apparel
cardigan old navy,Apparel
cardigan shein,Apparel
cardigan zara,Apparel
chinos at levi's,Apparel
chinos gap,Apparel
chinos j.crew,Apparel
chinos shein,Apparel
chinos zara,Apparel
cleats adidas,Apparel
cleats allbirds,Apparel
cleats at adidas,Apparel
cleats at brooks,Apparel
cleats at vans,Apparel
cleats dsw,Apparel
cleats sketchers,Apparel
cleats vans,Apparel
clothes,Apparel
clothing,Apparel
coat burlington,Apparel
coat dillard's,Apparel
coat nordstrom,Apparel
coat poshmark,Apparel
coat ross,Apparel
coat thredup,Apparel
coat tj maxx,Apparel
columbia fleece,Apparel
columbia hiking pants,Apparel
columbia workout clothes,Apparel
dillard's gloves,Apparel
dillard's scarf,Apparel
dress aerie,Apparel
dress american eagle,Apparel
dress at asos,Apparel
dress at everlane,Apparel
dress at forever 21,Apparel
dress at h&m,Apparel
dress at kohl's,Apparel
dress at macy's,Apparel
dress at nordstrom rack,Apparel
dress at tj maxx,Apparel
dress burlington,Apparel
dress for the wedding at burlington,Apparel
dress for the wedding at nordstrom,Apparel
dress for the wedding marshalls,Apparel
dress for the wedding nordstrom,Apparel
dress for the wedding poshmark,Apparel
dress for the wedding ross,Apparel
dress for the wedding thredup,Apparel
dress h&m,Apparel
dress levi's,Apparel
dress macy's,Apparel
dress marshalls,Apparel
dress nordstrom,Apparel
dress old navy,Apparel
dress shirt,Apparel
dress shirt asos,Apparel
dress shirt at american eagle,Apparel
dress shirt at everlane,Apparel
dress shirt at old navy,Apparel
dress shirt at shein,Apparel
dress shirt at uniqlo,Apparel
dress shirt at urban outfitters,Apparel
dress shirt banana republic,Apparel
dress shirt everlane,Apparel
dress shirt j.crew,Apparel
dress shirt old navy,Apparel
dress shoes,Apparel
dress shoes at kohl's,Apparel
dress shoes at nordstrom,Apparel
dress shoes macy's,Apparel
dress shoes nordstrom,Apparel
dress shoes nordstrom rack,Apparel
dress shoes tj maxx,Apparel
dress tj maxx,Apparel
dress uniqlo,Apparel
dress urban outfitters,Apparel
dsw,Apparel
dsw shoe insoles,Apparel
dsw sneakers,Apparel
everlane belt,Apparel
everlane blouse,Apparel
everlane cardigan,Apparel
everlane dress,Apparel
everlane new outfit,Apparel
everlane polo,Apparel
everlane shorts,Apparel
everlane slacks,Apparel
everlane socks,Apparel
everlane swim trunks,Apparel
everlane swimsuit,Apparel
express,Apparel
express hoodie,Apparel
express new outfit,Apparel
express slacks,Apparel
express socks,Apparel
express t-shirt,Apparel
express work clothes,Apparel
fabletics,Apparel
fabletics puffer jacket,Apparel
fabletics winter coat,Apparel
fabletics yoga pants,Apparel
famous footwear,Apparel
famous footwear running shoes,Apparel
famous footwear sneakers,Apparel
famous footwear trainers,Apparel
fleece at fabletics,Apparel
fleece columbia,Apparel
fleece fabletics,Apparel
fleece lululemon,Apparel
foot locker basketball shoes,Apparel
foot locker running shoes,Apparel
forever 21 chinos,Apparel
forever 21 hoodie,Apparel
forever 21 shirt,Apparel
forever 21 sweatshirt,Apparel
forever 21 swimsuit,Apparel
gap belt,Apparel
gap dress,Apparel
gap jeans,Apparel
gap new outfit,Apparel
gap shorts,Apparel
gloves at nordstrom,Apparel
gloves at poshmark,Apparel
gloves macy's,Apparel
gloves marshalls,Apparel
gloves nordstrom rack,Apparel
gloves poshmark,Apparel
gym shorts at gymshark,Apparel
gym shorts columbia,Apparel
gym shorts fabletics,Apparel
gym shorts patagonia,Apparel
gym shorts rei,Apparel
gym shorts the north face,Apparel
gymshark leggings,Apparel
gymshark rain jacket,Apparel
gymshark workout clothes,Apparel
h&m blouse,Apparel
h&m chinos,Apparel
h&m dress shirt,Apparel
h&m hoodie,Apparel
h&m new outfit,Apparel
h&m school clothes,Apparel
h&m skirt,Apparel
h&m slacks,Apparel
h&m sweater,Apparel
h&m sweatshirt,Apparel
h&m swim trunks,Apparel
handbag at burlington,Apparel
handbag at kohl's,Apparel
handbag dillard's,Apparel
handbag macy's,Apparel
handbag tj maxx,Apparel
hat at dillard's,Apparel
hat at macy's,Apparel
hat at marshalls,Apparel
hat at nordstrom,Apparel
hat at thredup,Apparel
hat burlington,Apparel
hat macy's,Apparel
hat nordstrom,Apparel
hat ross,Apparel
heels,Apparel
heels at burlington,Apparel
heels at macy's,Apparel
heels at marshalls,Apparel
heels at poshmark,Apparel
heels at ross,Apparel
heels at tj maxx,Apparel
heels dillard's,Apparel
heels macy's,Apparel
heels marshalls,Apparel
heels ross,Apparel
heels tj maxx,Apparel
hiking pants at gymshark,Apparel
hiking pants athleta,Apparel
hiking pants gymshark,Apparel
hiking pants patagonia,Apparel
hoodie abercrombie,Apparel
hoodie american eagle,Apparel
hoodie at aerie,Apparel
hoodie at american eagle,Apparel
hoodie at express,Apparel
hoodie at h&m,Apparel
hoodie at zara,Apparel
hoodie banana republic,Apparel
hoodie everlane,Apparel
hoodie forever 21,Apparel
hoodie j.crew,Apparel
hoodie levi's,Apparel
hoodie madewell,Apparel
hoodie old navy,Apparel
hoodie uniqlo,Apparel
interview outfit,Apparel
interview outfit at kohl's,Apparel
interview outfit at marshalls,Apparel
interview outfit at nordstrom,Apparel
interview outfit at nordstrom rack,Apparel
interview outfit at ross,Apparel
interview outfit nordstrom rack,Apparel
interview outfit poshmark,Apparel
interview outfit ross,Apparel
interview outfit tj maxx,Apparel
j.crew blouse,Apparel
j.crew cardigan,Apparel
j.crew polo,Apparel
j.crew school clothes,Apparel
j.crew shorts,Apparel
j.crew skirt,Apparel
j.crew sweater,Apparel
j.crew t-shirt,Apparel
jacket abercrombie,Apparel
jacket aerie,Apparel
jacket american eagle,Apparel
jacket at asos,Apparel
jacket at forever 21,Apparel
jacket at gap,Apparel
jacket at h&m,Apparel
jacket everlane,Apparel
jacket zara,Apparel
jeans,Apparel
jeans at aerie,Apparel
jeans at h&m,Apparel
jeans at j.crew,Apparel
jeans at madewell,Apparel
jeans at old navy,Apparel
jeans at uniqlo,Apparel
jeans everlane,Apparel
jeans express,Apparel
jeans gap,Apparel
jeans levi's,Apparel
jeans urban outfitters,Apparel
kohl's coat,Apparel
kohl's interview outfit,Apparel
kohl's suit,Apparel
kohl's wallet,Apparel
leggings,Apparel
leggings at fabletics,Apparel
leggings at gymshark,Apparel
leggings at rei,Apparel
leggings gymshark,Apparel
leggings lululemon,Apparel
leggings rei,Apparel
leggings the north face,Apparel
levi's chinos,Apparel
levi's jeans,Apparel
levi's shirt,Apparel
levi's slacks,Apparel
levi's swimsuit,Apparel
lululemon gym shorts,Apparel
lululemon puffer jacket,Apparel
macy's dress for the wedding,Apparel
macy's gloves,Apparel
macy's heels,Apparel
macy's scarf,Apparel
madewell dress,Apparel
madewell dress shirt,Apparel
madewell jeans,Apparel
madewell new outfit,Apparel
madewell shirt,Apparel
madewell swimsuit,Apparel
marshalls beanie,Apparel
marshalls dress shoes,Apparel
marshalls gloves,Apparel
marshalls heels,Apparel
marshalls interview outfit,Apparel
new balance,Apparel
new balance basketball shoes,Apparel
new balance sandals,Apparel
new balance sneakers,Apparel
new balance trainers,Apparel
new outfit abercrombie,Apparel
new outfit aerie,Apparel
new outfit asos,Apparel
new outfit at everlane,Apparel
new outfit at gap,Apparel
new outfit at old navy,Apparel
new outfit at uniqlo,Apparel
new outfit everlane,Apparel
new outfit gap,Apparel
new outfit h&m,Apparel
new outfit madewell,Apparel
new shoes,Apparel
nike,Apparel
nike cleats,Apparel
nordstrom dress,Apparel
nordstrom gloves,Apparel
nordstrom handbag,Apparel
nordstrom hat,Apparel
nordstrom rack coat,Apparel
nordstrom rack dress for the wedding,Apparel
nordstrom rack gloves,Apparel
nordstrom rack hat,Apparel
nordstrom rack interview outfit,Apparel
nordstrom rack suit,Apparel
nordstrom suit,Apparel
old navy dress,Apparel
old navy new outfit,Apparel
old navy school clothes,Apparel
old navy skirt,Apparel
old navy socks,Apparel
old navy t-shirt,Apparel
old navy work clothes,Apparel
pajamas american eagle,Apparel
pajamas asos,Apparel
pajamas at everlane,Apparel
pajamas at gap,Apparel
pajamas at zara,Apparel
pajamas banana republic,Apparel
pajamas everlane,Apparel
pajamas express,Apparel
pajamas forever 21,Apparel
pajamas gap,Apparel
pajamas j.crew,Apparel
pajamas levi's,Apparel
pajamas uniqlo,Apparel
pajamas zara,Apparel
patagonia base layer,Apparel
patagonia puffer jacket,Apparel
patagonia rain jacket,Apparel
polo,Apparel
polo at abercrombie,Apparel
polo at aerie,Apparel
polo at levi's,Apparel
polo at urban outfitters,Apparel
polo at zara,Apparel
polo banana republic,Apparel
polo express,Apparel
polo gap,Apparel
polo madewell,Apparel
polo old navy,Apparel
poshmark blazer,Apparel
poshmark dress,Apparel
poshmark dress for the wedding,Apparel
poshmark gloves,Apparel
poshmark handbag,Apparel
poshmark hat,Apparel
poshmark interview outfit,Apparel
poshmark sunglasses,Apparel
puffer jacket at athleta,Apparel
puffer jacket at columbia,Apparel
puffer jacket at gymshark,Apparel
puffer jacket at patagonia,Apparel
puffer jacket at rei,Apparel
puffer jacket at the north face,Apparel
puffer jacket columbia,Apparel
puffer jacket lululemon,Apparel
puffer jacket rei,Apparel
puffer jacket the north face,Apparel
puma,Apparel
puma sneakers,Apparel
rain jacket at lululemon,Apparel
rain jacket at patagonia,Apparel
rain jacket athleta,Apparel
rain jacket columbia,Apparel
rain jacket fabletics,Apparel
rain jacket lululemon,Apparel
rain jacket patagonia,Apparel
rain jacket the north face,Apparel
rei,Apparel
rei base layer,Apparel
rei hiking pants,Apparel
rei rain jacket,Apparel
rei winter coat,Apparel
ross,Apparel
ross coat,Apparel
ross dress for the wedding,Apparel
ross scarf,Apparel
ross suit,Apparel
ross sunglasses,Apparel
running shoes adidas,Apparel
running shoes at brooks,Apparel
running shoes at foot locker,Apparel
running shoes at vans,Apparel
running shoes dsw,Apparel
running shoes famous footwear,Apparel
running shoes nike,Apparel
running shoes puma,Apparel
running shoes sketchers,Apparel
running shoes vans,Apparel
sandals,Apparel
sandals adidas,Apparel
sandals at adidas,Apparel
sandals at brooks,Apparel
sandals at dsw,Apparel
sandals dsw,Apparel
sandals puma,Apparel
sandals sketchers,Apparel
sandals vans,Apparel
scarf at kohl's,Apparel
scarf at thredup,Apparel
scarf kohl's,Apparel
scarf nordstrom,Apparel
scarf poshmark,Apparel
scarf ross,Apparel
school clothes aerie,Apparel
school clothes american eagle,Apparel
school clothes asos,Apparel
school clothes at abercrombie,Apparel
school clothes at everlane,Apparel
school clothes at levi's,Apparel
school clothes at madewell,Apparel
school clothes banana republic,Apparel
school clothes everlane,Apparel
school clothes j.crew,Apparel
school clothes madewell,Apparel
school clothes shein,Apparel
school clothes uniqlo,Apparel
school clothes urban outfitters,Apparel
shein,Apparel
shein belt,Apparel
shein school clothes,Apparel
shein shorts,Apparel
shein socks,Apparel
shein sweatshirt,Apparel
shein underwear,Apparel
shirt abercrombie,Apparel
shirt aerie,Apparel
shirt american eagle,Apparel
shirt asos,Apparel
shirt at american eagle,Apparel
shirt at levi's,Apparel
shirt banana republic,Apparel
shirt express,Apparel
shirt forever 21,Apparel
shirt gap,Apparel
shirt madewell,Apparel
shirt old navy,Apparel
shirt uniqlo,Apparel
shirt zara,Apparel
shoe insoles allbirds,Apparel
shoe insoles at brooks,Apparel
shoe insoles brooks,Apparel
shoe insoles dsw,Apparel
shoe insoles puma,Apparel
shoe insoles under armour,Apparel
shoe repair,Apparel
shorts abercrombie,Apparel
shorts american eagle,Apparel
shorts asos,Apparel
shorts at asos,Apparel
shorts at express,Apparel
shorts at levi's,Apparel
shorts at uniqlo,Apparel
shorts everlane,Apparel
shorts forever 21,Apparel
shorts h&m,Apparel
shorts levi's,Apparel
shorts madewell,Apparel
shorts uniqlo,Apparel
shorts urban outfitters,Apparel
shorts zara,Apparel
sketchers athletic socks,Apparel
sketchers cleats,Apparel
sketchers running shoes,Apparel
sketchers slides,Apparel
skirt at aerie,Apparel
skirt at banana republic,Apparel
skirt at gap,Apparel
skirt at h&m,Apparel
skirt at madewell,Apparel
skirt banana republic,Apparel
skirt express,Apparel
skirt forever 21,Apparel
skirt gap,Apparel
skirt shein,Apparel
skirt uniqlo,Apparel
slacks american eagle,Apparel
slacks at aerie,Apparel
slacks at express,Apparel
slacks at madewell,Apparel
slacks at old navy,Apparel
slacks at urban outfitters,Apparel
slacks everlane,Apparel
slacks express,Apparel
slacks gap,Apparel
slacks levi's,Apparel
slacks uniqlo,Apparel
slacks urban outfitters,Apparel
slacks zara,Apparel
slides adidas,Apparel
slides allbirds,Apparel
slides at famous footwear,Apparel
slides at puma,Apparel
slides at sketchers,Apparel
slides brooks,Apparel
slides converse,Apparel
slides foot locker,Apparel
slides new balance,Apparel
slides vans,Apparel
sneakers,Apparel
sneakers adidas,Apparel
sneakers allbirds,Apparel
sneakers at allbirds,Apparel
sneakers at famous footwear,Apparel
sneakers at nike,Apparel
sneakers at under armour,Apparel
sneakers converse,Apparel
sneakers famous footwear,Apparel
sneakers foot locker,Apparel
sneakers nike,Apparel
sneakers under armour,Apparel
socks abercrombie,Apparel
socks banana republic,Apparel
socks forever 21,Apparel
socks gap,Apparel
socks h&m,Apparel
socks uniqlo,Apparel
sports bra at fabletics,Apparel
sports bra athleta,Apparel
sports bra columbia,Apparel
sports bra patagonia,Apparel
sports bra rei,Apparel
suit at kohl's,Apparel
suit at macy's,Apparel
suit marshalls,Apparel
suit nordstrom rack,Apparel
suit ross,Apparel
suit thredup,Apparel
suit tj maxx,Apparel
sunglasses at burlington,Apparel
sunglasses at nordstrom,Apparel
sunglasses burlington,Apparel
sunglasses kohl's,Apparel
sunglasses macy's,Apparel
sunglasses nordstrom rack,Apparel
sunglasses tj maxx,Apparel
sweater abercrombie,Apparel
sweater at abercrombie,Apparel
sweater at h&m,Apparel
sweater at madewell,Apparel
sweater banana republic,Apparel
sweater gap,Apparel
sweater h&m,Apparel
sweater madewell,Apparel
sweater shein,Apparel
sweatshirt abercrombie,Apparel
sweatshirt aerie,Apparel
sweatshirt at american eagle,Apparel
sweatshirt at levi's,Apparel
sweatshirt banana republic,Apparel
sweatshirt express,Apparel
sweatshirt forever 21,Apparel
sweatshirt gap,Apparel
sweatshirt levi's,Apparel
sweatshirt uniqlo,Apparel
sweatshirt zara,Apparel
swim trunks abercrombie,Apparel
swim trunks aerie,Apparel
swim trunks american eagle,Apparel
swim trunks asos,Apparel
swim trunks at aerie,Apparel
swim trunks at banana republic,Apparel
swim trunks at levi's,Apparel
swim trunks at urban outfitters,Apparel
swim trunks express,Apparel
swim trunks gap,Apparel
swim trunks j.crew,Apparel
swim trunks old navy,Apparel
swim trunks urban outfitters,Apparel
swim trunks zara,Apparel
swimsuit aerie,Apparel
swimsuit at american eagle,Apparel
swimsuit at everlane,Apparel
swimsuit at forever 21,Apparel
swimsuit at levi's,Apparel
swimsuit at madewell,Apparel
swimsuit at old navy,Apparel
swimsuit at urban outfitters,Apparel
swimsuit h&m,Apparel
swimsuit levi's,Apparel
swimsuit uniqlo,Apparel
swimsuit zara,Apparel
t-shirt at abercrombie,Apparel
t-shirt at everlane,Apparel
t-shirt at levi's,Apparel
t-shirt at old navy,Apparel
t-shirt at zara,Apparel
t-shirt banana republic,Apparel
t-shirt express,Apparel
t-shirt gap,Apparel
t-shirt j.crew,Apparel
t-shirt madewell,Apparel
t-shirt uniqlo,Apparel
the north face fleece,Apparel
the north face yoga pants,Apparel
thredup,Apparel
thredup beanie,Apparel
thredup blazer,Apparel
thredup dress,Apparel
thredup gloves,Apparel
thredup handbag,Apparel
thredup heels,Apparel
thredup interview outfit,Apparel
thredup sunglasses,Apparel
tj maxx dress for the wedding,Apparel
tj maxx hat,Apparel
tj maxx interview outfit,Apparel
tj maxx suit,Apparel
trainers at foot locker,Apparel
trainers at nike,Apparel
trainers at under armour,Apparel
trainers famous footwear,Apparel
trainers puma,Apparel
trainers sketchers,Apparel
trainers vans,Apparel
under armour basketball shoes,Apparel
under armour trainers,Apparel
underwear aerie,Apparel
underwear at abercrombie,Apparel
underwear at express,Apparel
underwear at madewell,Apparel
underwear at uniqlo,Apparel
underwear madewell,Apparel
underwear uniqlo,Apparel
uniqlo,Apparel
uniqlo belt,Apparel
uniqlo blouse,Apparel
uniqlo chinos,Apparel
uniqlo hoodie,Apparel
uniqlo shirt,Apparel
uniqlo t-shirt,Apparel
urban outfitters chinos,Apparel
urban outfitters dress shirt,Apparel
urban outfitters polo,Apparel
urban outfitters school clothes,Apparel
urban outfitters skirt,Apparel
urban outfitters socks,Apparel
urban outfitters swimsuit,Apparel
vans running shoes,Apparel
vans sandals,Apparel
vans slides,Apparel
wallet,Apparel
wallet at dillard's,Apparel
wallet at marshalls,Apparel
wallet dillard's,Apparel
wallet macy's,Apparel
wallet ross,Apparel
wallet thredup,Apparel
winter clothes,Apparel
winter coat at fabletics,Apparel
winter coat at gymshark,Apparel
winter coat at lululemon,Apparel
winter coat at patagonia,Apparel
winter coat at rei,Apparel
winter coat columbia,Apparel
winter coat patagonia,Apparel
winter coat rei,Apparel
winter coat the north face,Apparel
work clothes aerie,Apparel
work clothes american eagle,Apparel
work clothes at abercrombie,Apparel
work clothes at asos,Apparel
work clothes at madewell,Apparel
work clothes banana republic,Apparel
work clothes express,Apparel
work clothes j.crew,Apparel
work clothes old navy,Apparel
work clothes uniqlo,Apparel
work clothes urban outfitters,Apparel
workout clothes at patagonia,Apparel
workout clothes athleta,Apparel
workout clothes gymshark,Apparel
workout clothes rei,Apparel
yoga pants,Apparel
yoga pants at the north face,Apparel
yoga pants gymshark,Apparel
zara cardigan,Apparel
zara chinos,Apparel
zara dress shirt,Apparel
zara shorts,Apparel
zara skirt,Apparel
zara sweatshirt,Apparel
zara swim trunks,Apparel
zara underwear,Apparel
zara work clothes,Apparel
ace hardware caulk,Household
ace hardware furnace filter,Household
ace hardware nails,Household
ace hardware screwdriver set,Household
ace hardware weed killer,Household
air filter,Household
air filter ace hardware,Household
air filter at ace hardware,Household
air filter at menards,Household
air filter at true value,Household
air filter harbor freight,Household
air filter home depot,Household
air filter lowe's,Household
air filter true value,Household
air freshener,Household
air freshener at big lots,Household
air freshener at family dollar,Household
air freshener at sam's club,Household
air freshener at walmart,Household
air freshener big lots,Household
air freshener family dollar,Household
air freshener sam's club,Household
air freshener walmart,Household
all purpose cleaner at dollar tree,Household
all purpose cleaner at family dollar,Household
all purpose cleaner at sam's club,Household
all purpose cleaner at target,Household
all purpose cleaner big lots,Household
all purpose cleaner costco,Household
all purpose cleaner sam's club,Household
aluminum foil at dollar general,Household
aluminum foil at dollar tree,Household
aluminum foil big lots,Household
aluminum foil costco,Household
aluminum foil dollar tree,Household
aluminum foil sam's club,Household
amazon air freshener,Household
amazon all purpose cleaner,Household
amazon batteries,Household
amazon bleach,Household
amazon cleaning supplies,Household
amazon dishwasher pods,Household
amazon fabric softener,Household
amazon hand soap,Household
amazon laundry detergent,Household
amazon paper plates,Household
amazon razors,Household
amazon shaving cream,Household
amazon sponges,Household
ameren bill,Household
at&t internet,Household
at&t internet bill,Household
batteries amazon,Household
batteries at amazon,Household
batteries at family dollar,Household
batteries big lots,Household
batteries dollar general,Household
batteries dollar tree,Household
batteries sam's club,Household
batteries target,Household
batteries walmart,Household
bed bath & beyond bookshelf,Household
bed bath & beyond cookware,Household
bed bath & beyond curtains,Household
bed bath & beyond food containers,Household
bed bath & beyond hangers,Household
bed bath & beyond picture frames,Household
bed bath & beyond sheets,Household
bed bath & beyond trash can,Household
bedding,Household
bedding at pottery barn,Household
bedding at wayfair,Household
bedding at west elm,Household
bedding bed bath & beyond,Household
bedding homegoods,Household
bedding the container store,Household
bedding west elm,Household
big lots bleach,Household
big lots dish soap,Household
big lots dishwasher pods,Household
big lots laundry detergent,Household
big lots paper plates,Household
big lots paper towels,Household
big lots sponges,Household
big lots sunscreen,Household
big lots toilet paper,Household
bleach,Household
bleach amazon,Household
bleach at amazon,Household
bleach dollar general,Household
bleach walmart,Household
body wash amazon,Household
body wash at costco,Household
body wash at dollar general,Household
body wash at dollar tree,Household
body wash at sam's club,Household
body wash at target,Household
body wash big lots,Household
body wash dollar general,Household
body wash sam's club,Household
body wash walmart,Household
bookshelf at bed bath & beyond,Household
bookshelf at homegoods,Household
bookshelf at pottery barn,Household
bookshelf bed bath & beyond,Household
bookshelf crate & barrel,Household
bookshelf overstock,Household
bookshelf pottery barn,Household
bookshelf the container store,Household
caulk ace hardware,Household
caulk at menards,Household
caulk at true value,Household
caulk harbor freight,Household
caulk home depot,Household
caulk lowe's,Household
caulk menards,Household
city utilities,Household
cleaning service,Household
cleaning service at&t internet,Household
cleaning service city utilities,Household
cleaning service georgia power,Household
cleaning service pg&e,Household
cleaning supplies,Household
cleaning supplies amazon,Household
cleaning supplies at costco,Household
cleaning supplies big lots,Household
cleaning supplies costco,Household
cleaning supplies dollar general,Household
cleaning supplies dollar tree,Household
cleaning supplies sam's club,Household
cleaning supplies target,Household
comcast bill,Household
comforter,Household
comforter at crate & barrel,Household
comforter at overstock,Household
comforter at pottery barn,Household
comforter bed bath & beyond,Household
comforter homegoods,Household
comforter the container store,Household
con edison,Household
conditioner,Household
conditioner amazon,Household
conditioner at dollar general,Household
conditioner at sam's club,Household
conditioner big lots,Household
conditioner costco,Household
conditioner dollar general,Household
conditioner dollar tree,Household
conditioner sam's club,Household
conditioner target,Household
cookware,Household
cookware at bed bath & beyond,Household
cookware at homegoods,Household
cookware at ikea,Household
cookware at the container store,Household
cookware homegoods,Household
cookware pottery barn,Household
cookware the container store,Household
costco,Household
costco bleach,Household
costco body wash,Household
costco conditioner,Household
costco dish soap,Household
costco paper plates,Household
costco razors,Household
costco shampoo,Household
costco shaving cream,Household
costco sunscreen,Household
costco toothpaste,Household
costco trash bags,Household
costco ziploc bags,Household
crate & barrel cookware,Household
crate & barrel curtains,Household
crate & barrel desk chair,Household
crate & barrel food containers,Household
crate & barrel nightstand,Household
crate & barrel pillows,Household
crate & barrel rug,Household
crate & barrel trash can,Household
curtains at crate & barrel,Household
curtains at overstock,Household
curtains at pottery barn,Household
curtains at wayfair,Household
curtains homegoods,Household
curtains pottery barn,Household
curtains the container store,Household
curtains wayfair,Household
curtains west elm,Household
cutting board at bed bath & beyond,Household
cutting board at ikea,Household
cutting board at overstock,Household
cutting board at pottery barn,Household
cutting board ikea,Household
cutting board overstock,Household
cutting board pottery barn,Household
deodorant at amazon,Household
deodorant at big lots,Household
deodorant at dollar general,Household
deodorant at family dollar,Household
deodorant at sam's club,Household
deodorant at walmart,Household
deodorant sam's club,Household
deodorant target,Household
deodorant walmart,Household
desk chair,Household
desk chair at crate & barrel,Household
desk chair at ikea,Household
desk chair at pottery barn,Household
desk chair at the container store,Household
desk chair at wayfair,Household
desk chair bed bath & beyond,Household
desk chair homegoods,Household
desk chair overstock,Household
desk chair west elm,Household
dish soap,Household
dish soap at family dollar,Household
dish soap costco,Household
dish soap sam's club,Household
dishwasher pods at amazon,Household
dishwasher pods at big lots,Household
dishwasher pods at dollar general,Household
dishwasher pods at family dollar,Household
dishwasher pods at sam's club,Household
dishwasher pods costco,Household
dishwasher pods sam's club,Household
dishwasher pods target,Household
dishwasher pods walmart,Household
dollar general aluminum foil,Household
dollar general batteries,Household
dollar general cleaning supplies,Household
dollar general fabric softener,Household
dollar general shampoo,Household
dollar general toilet paper,Household
dollar tree air freshener,Household
dollar tree all purpose cleaner,Household
dollar tree batteries,Household
dollar tree cleaning supplies,Household
dollar tree dish soap,Household
dollar tree fabric softener,Household
dollar tree razors,Household
dollar tree toilet paper,Household
dollar tree toothpaste,Household
dollar tree trash bags,Household
dollar tree ziploc bags,Household
dominion energy,Household
dominion energy bill,Household
door handle,Household
door handle ace hardware,Household
door handle at harbor freight,Household
door handle at menards,Household
door handle harbor freight,Household
door handle home depot,Household
door handle lowe's,Household
door handle true value,Household
drill bits ace hardware,Household
drill bits at ace hardware,Household
drill bits at menards,Household
drill bits at true value,Household
drill bits home depot,Household
drill bits lowe's,Household
drill bits true value,Household
duct tape ace hardware,Household
duct tape at ace hardware,Household
duct tape at lowe's,Household
duct tape harbor freight,Household
duct tape home depot,Household
duct tape lowe's,Household
duct tape true value,Household
electric bill at&t internet,Household
electric bill cox,Household
electric bill georgia power,Household
electric bill pg&e,Household
electric bill verizon fios,Household
electric bill xcel energy,Household
extension cord,Household
extension cord ace hardware,Household
extension cord at home depot,Household
extension cord harbor freight,Household
fabric softener,Household
fabric softener amazon,Household
fabric softener at dollar general,Household
fabric softener at dollar tree,Household
fabric softener at family dollar,Household
fabric softener at sam's club,Household
fabric softener at target,Household
fabric softener costco,Household
fabric softener sam's club,Household
fabric softener target,Household
fabric softener walmart,Household
family dollar,Household
family dollar batteries,Household
family dollar bleach,Household
family dollar body wash,Household
family dollar fabric softener,Household
family dollar laundry detergent,Household
family dollar razors,Household
family dollar shampoo,Household
family dollar shaving cream,Household
family dollar sponges,Household
family dollar toilet paper,Household
family dollar ziploc bags,Household
food containers at overstock,Household
food containers at the container store,Household
food containers at wayfair,Household
food containers bed bath & beyond,Household
food containers crate & barrel,Household
food containers overstock,Household
food containers pottery barn,Household
food containers the container store,Household
furnace filter ace hardware,Household
furnace filter at true value,Household
furnace filter home depot,Household
furnace filter menards,Household
furnace filter true value,Household
gas bill cox,Household
gas bill georgia power,Household
gas bill national grid,Household
gas bill spectrum,Household
gas bill verizon fios,Household
gas bill xfinity,Household
hand soap,Household
hand soap amazon,Household
hand soap at amazon,Household
hand soap at costco,Household
hand soap at dollar general,Household
hand soap at target,Household
hand soap sam's club,Household
hangers,Household
hangers at homegoods,Household
hangers at ikea,Household
hangers at the container store,Household
hangers at wayfair,Household
hangers bed bath & beyond,Household
hangers crate & barrel,Household
hangers ikea,Household
hangers overstock,Household
hangers pottery barn,Household
hangers west elm,Household
harbor freight drill bits,Household
harbor freight furnace filter,Household
harbor freight light bulbs,Household
harbor freight paint,Household
harbor freight screwdriver set,Household
hoa dues duke energy,Household
hoa dues xcel energy,Household
home depot air filter,Household
home depot hose,Household
home depot lawn bags,Household
home depot shelf brackets,Household
home depot weed killer,Household
home supplies,Household
home supplies ameren,Household
home supplies at&t internet,Household
home supplies cox,Household
home supplies duke energy,Household
home supplies georgia power,Household
home supplies xfinity,Household
homegoods,Household
homegoods bedding,Household
homegoods food containers,Household
homegoods picture frames,Household
homegoods rug,Household
hose at harbor freight,Household
hose home depot,Household
hose lowe's,Household
hose menards,Household
household stuff con edison,Household
household stuff duke energy,Household
household stuff spectrum,Household
household stuff xcel energy,Household
ikea,Household
ikea bedding,Household
ikea comforter,Household
ikea curtains,Household
ikea lamp,Household
ikea laundry basket,Household
ikea nightstand,Household
ikea picture frames,Household
ikea towels,Household
internet bill,Household
internet bill ameren,Household
internet bill at&t internet,Household
internet bill city utilities,Household
internet bill dominion energy,Household
internet bill duke energy,Household
internet bill georgia power,Household
internet bill pg&e,Household
internet bill verizon fios,Household
internet bill xfinity,Household
lamp at homegoods,Household
lamp at ikea,Household
lamp bed bath & beyond,Household
lamp homegoods,Household
lamp pottery barn,Household
lamp wayfair,Household
laundry basket,Household
laundry basket at ikea,Household
laundry basket at overstock,Household
laundry basket at pottery barn,Household
laundry basket at the container store,Household
laundry basket homegoods,Household
laundry basket ikea,Household
laundry basket overstock,Household
laundry basket pottery barn,Household
laundry basket west elm,Household
laundry detergent,Household
laundry detergent amazon,Household
laundry detergent at target,Household
laundry detergent big lots,Household
laundry detergent costco,Household
laundry detergent dollar general,Household
laundry detergent sam's club,Household
laundry detergent walmart,Household
lawn bags,Household
lawn bags at harbor freight,Household
lawn bags harbor freight,Household
lawn bags home depot,Household
lawn bags lowe's,Household
lawn service cox,Household
lawn service dominion energy,Household
lawn service pg&e,Household
lawn service xcel energy,Household
light bulbs ace hardware,Household
light bulbs at true value,Household
light bulbs true value,Household
lotion,Household
lotion at costco,Household
lotion at target,Household
lotion at walmart,Household
lotion big lots,Household
lotion dollar tree,Household
lotion family dollar,Household
lotion target,Household
lowe's caulk,Household
lowe's duct tape,Household
lowe's smoke detector,Household
menards extension cord,Household
menards furnace filter,Household
menards hose,Household
menards screws,Household
menards smoke detector,Household
menards weed killer,Household
nails ace hardware,Household
nails at ace hardware,Household
nails at true value,Household
nails harbor freight,Household
national grid bill,Household
nightstand at homegoods,Household
nightstand at overstock,Household
nightstand at pottery barn,Household
nightstand at wayfair,Household
nightstand crate & barrel,Household
nightstand homegoods,Household
nightstand ikea,Household
nightstand pottery barn,Household
nightstand the container store,Household
overstock bedding,Household
overstock comforter,Household
overstock cookware,Household
overstock cutting board,Household
overstock nightstand,Household
overstock pillows,Household
overstock rug,Household
overstock towels,Household
paint at ace hardware,Household
paint at lowe's,Household
paint at menards,Household
paint lowe's,Household
paper plates,Household
paper plates at costco,Household
paper plates at dollar general,Household
paper plates big lots,Household
paper plates costco,Household
paper plates dollar general,Household
paper plates dollar tree,Household
paper plates sam's club,Household
paper plates target,Household
paper plates walmart,Household
paper towels,Household
paper towels at dollar general,Household
paper towels at dollar tree,Household
paper towels at walmart,Household
paper towels costco,Household
paper towels family dollar,Household
pest control,Household
pest control dominion energy,Household
pest control national grid,Household
pest control xcel energy,Household
pg&e,Household
picture frames,Household
picture frames at overstock,Household
picture frames at pottery barn,Household
picture frames crate & barrel,Household
picture frames overstock,Household
picture frames the container store,Household
pillows at wayfair,Household
pillows at west elm,Household
pillows homegoods,Household
pillows ikea,Household
pillows overstock,Household
pillows west elm,Household
pots and pans at overstock,Household
pots and pans at pottery barn,Household
pots and pans at the container store,Household
pots and pans at wayfair,Household
pots and pans bed bath & beyond,Household
pots and pans homegoods,Household
pots and pans ikea,Household
pots and pans pottery barn,Household
pots and pans west elm,Household
pottery barn bedding,Household
pottery barn bookshelf,Household
pottery barn comforter,Household
pottery barn cutting board,Household
pottery barn food containers,Household
pottery barn hangers,Household
pottery barn lamp,Household
pottery barn nightstand,Household
pottery barn shower curtain,Household
pottery barn storage bins,Household
pottery barn trash can,Household
potting soil,Household
potting soil at harbor freight,Household
potting soil at true value,Household
potting soil home depot,Household
potting soil lowe's,Household
power bill,Household
power bill georgia power,Household
power bill national grid,Household
power bill pg&e,Household
razors amazon,Household
razors at costco,Household
razors at dollar general,Household
razors at target,Household
razors dollar tree,Household
razors sam's club,Household
renters insurance,Household
renters insurance city utilities,Household
renters insurance cox,Household
renters insurance dominion energy,Household
renters insurance duke energy,Household
renters insurance pg&e,Household
rug at homegoods,Household
rug at ikea,Household
rug bed bath & beyond,Household
rug homegoods,Household
rug overstock,Household
rug pottery barn,Household
rug the container store,Household
rug wayfair,Household
sam's club,Household
sam's club aluminum foil,Household
sam's club batteries,Household
sam's club bleach,Household
sam's club dish soap,Household
sam's club fabric softener,Household
sam's club hand soap,Household
sam's club laundry detergent,Household
sam's club paper plates,Household
sam's club razors,Household
sam's club shampoo,Household
sam's club shaving cream,Household
sam's club toothbrush,Household
sam's club ziploc bags,Household
screwdriver set,Household
screwdriver set ace hardware,Household
screwdriver set at harbor freight,Household
screwdriver set at home depot,Household
screwdriver set lowe's,Household
screwdriver set true value,Household
screws at ace hardware,Household
screws at home depot,Household
screws harbor freight,Household
screws home depot,Household
screws menards,Household
sewer bill,Household
sewer bill city utilities,Household
sewer bill comcast,Household
sewer bill con edison,Household
sewer bill cox,Household
sewer bill pg&e,Household
sewer bill verizon fios,Household
sewer bill xcel energy,Household
sewer bill xfinity,Household
shampoo at target,Household
shampoo at walmart,Household
shampoo big lots,Household
shampoo dollar general,Household
shampoo dollar tree,Household
shampoo family dollar,Household
shampoo target,Household
shampoo walmart,Household
shaving cream amazon,Household
shaving cream at dollar general,Household
shaving cream dollar general,Household
shaving cream family dollar,Household
shaving cream walmart,Household
sheets,Household
sheets at west elm,Household
sheets crate & barrel,Household
sheets ikea,Household
sheets overstock,Household
shelf brackets at harbor freight,Household
shelf brackets at home depot,Household
shelf brackets at menards,Household
shelf brackets harbor freight,Household
shelf brackets lowe's,Household
shelf brackets menards,Household
shelf brackets true value,Household
shower curtain,Household
shower curtain at ikea,Household
shower curtain bed bath & beyond,Household
shower curtain crate & barrel,Household
shower curtain homegoods,Household
shower curtain ikea,Household
shower curtain wayfair,Household
smoke detector ace hardware,Household
smoke detector at home depot,Household
smoke detector home depot,Household
sponges,Household
sponges amazon,Household
sponges at dollar tree,Household
sponges at target,Household
sponges big lots,Household
sponges costco,Household
sponges dollar tree,Household
sponges walmart,Household
storage bins at bed bath & beyond,Household
storage bins at pottery barn,Household
storage bins bed bath & beyond,Household
storage bins the container store,Household
storage bins wayfair,Household
sunscreen at amazon,Household
sunscreen at target,Household
sunscreen at walmart,Household
sunscreen dollar general,Household
sunscreen dollar tree,Household
sunscreen family dollar,Household
sunscreen sam's club,Household
sunscreen target,Household
target,Household
target air freshener,Household
target bleach,Household
target body wash,Household
target conditioner,Household
target dish soap,Household
target hand soap,Household
target paper towels,Household
target razors,Household
target shaving cream,Household
target sunscreen,Household
target toothbrush,Household
target toothpaste,Household
the container store,Household
the container store bookshelf,Household
the container store cookware,Household
the container store cutting board,Household
the container store lamp,Household
the container store laundry basket,Household
the container store nightstand,Household
the container store pots and pans,Household
the container store shower curtain,Household
the container store towels,Household
toilet paper,Household
toilet paper amazon,Household
toilet paper at big lots,Household
toilet paper at dollar general,Household
toilet paper at family dollar,Household
toilet paper big lots,Household
toilet paper costco,Household
toilet paper dollar tree,Household
toilet paper sam's club,Household
toothbrush,Household
toothbrush at big lots,Household
toothbrush at dollar tree,Household
toothbrush at sam's club,Household
toothbrush costco,Household
toothbrush dollar general,Household
toothbrush sam's club,Household
toothbrush target,Household
toothbrush walmart,Household
toothpaste,Household
toothpaste amazon,Household
toothpaste at amazon,Household
toothpaste at family dollar,Household
toothpaste at sam's club,Household
toothpaste at target,Household
toothpaste costco,Household
toothpaste dollar general,Household
toothpaste family dollar,Household
toothpaste sam's club,Household
toothpaste target,Household
toothpaste walmart,Household
towels at overstock,Household
towels at wayfair,Household
towels bed bath & beyond,Household
towels crate & barrel,Household
towels homegoods,Household
towels ikea,Household
towels pottery barn,Household
towels west elm,Household
trash bags at amazon,Household
trash bags at dollar general,Household
trash bags at target,Household
trash bags big lots,Household
trash bags costco,Household
trash bags dollar tree,Household
trash bags family dollar,Household
trash bags sam's club,Household
trash bags walmart,Household
trash can at bed bath & beyond,Household
trash can at homegoods,Household
trash can at ikea,Household
trash can at west elm,Household
trash can bed bath & beyond,Household
trash can crate & barrel,Household
trash can homegoods,Household
trash can ikea,Household
trash can overstock,Household
trash can pottery barn,Household
trash can the container store,Household
trash can west elm,Household
trash pickup,Household
trash pickup ameren,Household
trash pickup comcast,Household
trash pickup cox,Household
trash pickup duke energy,Household
true value door handle,Household
true value hose,Household
true value lawn bags,Household
true value nails,Household
true value screws,Household
true value shelf brackets,Household
utility bill,Household
utility bill ameren,Household
utility bill con edison,Household
utility bill duke energy,Household
utility bill georgia power,Household
utility bill spectrum,Household
verizon fios,Household
verizon fios bill,Household
walmart,Household
walmart air freshener,Household
walmart batteries,Household
walmart bleach,Household
walmart cleaning supplies,Household
walmart conditioner,Household
walmart dish soap,Household
walmart dishwasher pods,Household
walmart hand soap,Household
walmart laundry detergent,Household
walmart razors,Household
walmart sponges,Household
walmart toilet paper,Household
walmart toothbrush,Household
walmart toothpaste,Household
walmart trash bags,Household
water bill city utilities,Household
water bill verizon fios,Household
water bill xfinity,Household
wayfair,Household
wayfair cutting board,Household
wayfair desk chair,Household
wayfair food containers,Household
wayfair lamp,Household
wayfair pots and pans,Household
wayfair shower curtain,Household
weed killer,Household
weed killer ace hardware,Household
weed killer at lowe's,Household
weed killer at menards,Household
weed killer home depot,Household
weed killer lowe's,Household
weed killer menards,Household
west elm comforter,Household
west elm curtains,Household
west elm cutting board,Household
west elm desk chair,Household
west elm food containers,Household
west elm hangers,Household
west elm storage bins,Household
west elm towels,Household
west elm trash can,Household
wifi bill city utilities,Household
wifi bill cox,Household
wifi bill dominion energy,Household
wifi bill duke energy,Household
wifi bill spectrum,Household
wifi bill verizon fios,Household
wifi bill xfinity,Household
xcel energy,Household
xcel energy bill,Household
xfinity,Household
ziploc bags,Household
ziploc bags at amazon,Household
ziploc bags at big lots,Household
ziploc bags at costco,Household
ziploc bags big lots,Household
ziploc bags costco,Household
ziploc bags dollar general,Household
1-800 contacts,Health
1-800 contacts contact lenses,Health
1-800 contacts contact solution,Health
1-800 contacts eye exam,Health
1-800 contacts glasses,Health
1-800 contacts new glasses,Health
1-800 contacts prescription sunglasses,Health
advil,Health
advil at cvs,Health
advil at cvs pharmacy,Health
advil at goodrx,Health
advil at walgreens,Health
advil at walmart pharmacy,Health
advil cvs,Health
advil cvs pharmacy,Health
advil goodrx,Health
advil rite aid,Health
advil walgreens,Health
advil walmart pharmacy,Health
aligners aspen dental,Health
aligners at aspen dental,Health
aligners at smiledirectclub,Health
aligners delta dental,Health
aligners invisalign,Health
aligners smiledirectclub,Health
allergy medicine,Health
allergy medicine at goodrx,Health
allergy medicine at rite aid,Health
allergy medicine at walgreens,Health
allergy medicine at walmart pharmacy,Health
allergy medicine cvs,Health
allergy medicine cvs pharmacy,Health
allergy medicine goodrx,Health
allergy medicine rite aid,Health
allergy medicine walgreens,Health
allergy medicine walmart pharmacy,Health
america's best,Health
america's best contact lenses,Health
america's best contact solution,Health
america's best glasses,Health
america's best new glasses,Health
america's best prescription sunglasses,Health
america's best reading glasses,Health
annual physical,Health
antibiotics,Health
antibiotics at cvs,Health
antibiotics at cvs pharmacy,Health
antibiotics at goodrx,Health
antibiotics at rite aid,Health
antibiotics at walgreens,Health
antibiotics at walmart pharmacy,Health
antibiotics cvs,Health
antibiotics cvs pharmacy,Health
antibiotics goodrx,Health
antibiotics rite aid,Health
antibiotics walgreens,Health
antibiotics walmart pharmacy,Health
aspen dental,Health
aspen dental aligners,Health
aspen dental checkup,Health
aspen dental cleaning,Health
aspen dental filling,Health
aspen dental retainer,Health
band aids,Health
band aids at cvs,Health
band aids at cvs pharmacy,Health
band aids at goodrx,Health
band aids at rite aid,Health
band aids at walgreens,Health
band aids at walmart pharmacy,Health
band aids cvs,Health
band aids cvs pharmacy,Health
band aids goodrx,Health
band aids rite aid,Health
band aids walgreens,Health
band aids walmart pharmacy,Health
blood work,Health
blood work at citymd,Health
blood work at labcorp,Health
blood work at minuteclinic,Health
blood work at one medical,Health
blood work at quest diagnostics,Health
blood work at teladoc,Health
blood work at urgent care,Health
blood work at zocdoc,Health
blood work citymd,Health
blood work kaiser permanente,Health
blood work labcorp,Health
blood work one medical,Health
blood work quest diagnostics,Health
blood work teladoc,Health
blood work urgent care,Health
blood work zocdoc,Health
braces payment,Health
cavity filling,Health
checkup,Health
checkup aspen dental,Health
checkup at aspen dental,Health
checkup at delta dental,Health
checkup at invisalign,Health
checkup delta dental,Health
checkup invisalign,Health
checkup smiledirectclub,Health
chiropractor,Health
citymd,Health
citymd blood work,Health
citymd consultation,Health
citymd copay,Health
citymd follow up visit,Health
citymd lab work,Health
citymd screening,Health
cleaning,Health
cleaning aspen dental,Health
cleaning at aspen dental,Health
cleaning at delta dental,Health
cleaning at invisalign,Health
cleaning at smiledirectclub,Health
cleaning delta dental,Health
cleaning invisalign,Health
cleaning smiledirectclub,Health
cold medicine,Health
cold medicine at goodrx,Health
cold medicine at rite aid,Health
cold medicine at walgreens,Health
cold medicine cvs,Health
cold medicine cvs pharmacy,Health
cold medicine goodrx,Health
cold medicine walgreens,Health
cold medicine walmart pharmacy,Health
consultation,Health
consultation at citymd,Health
consultation at kaiser permanente,Health
consultation at labcorp,Health
consultation at minuteclinic,Health
consultation at quest diagnostics,Health
consultation at urgent care,Health
consultation at zocdoc,Health
consultation citymd,Health
consultation kaiser permanente,Health
consultation labcorp,Health
consultation minuteclinic,Health
consultation one medical,Health
consultation quest diagnostics,Health
consultation teladoc,Health
consultation urgent care,Health
consultation zocdoc,Health
contact lenses,Health
contact lenses 1-800 contacts,Health
contact lenses america's best,Health
contact lenses at 1-800 contacts,Health
contact lenses at america's best,Health
contact lenses at lenscrafters,Health
contact lenses at pearle vision,Health
contact lenses at visionworks,Health
contact lenses lenscrafters,Health
contact lenses pearle vision,Health
contact lenses visionworks,Health
contact lenses warby parker,Health
contact solution,Health
contact solution 1-800 contacts,Health
contact solution america's best,Health
contact solution at 1-800 contacts,Health
contact solution at america's best,Health
contact solution at pearle vision,Health
contact solution at visionworks,Health
contact solution at warby parker,Health
contact solution lenscrafters,Health
contact solution pearle vision,Health
contact solution visionworks,Health
contact solution warby parker,Health
copay,Health
copay at citymd,Health
copay at kaiser permanente,Health
copay at labcorp,Health
copay at minuteclinic,Health
copay at one medical,Health
copay at quest diagnostics,Health
copay at urgent care,Health
copay at zocdoc,Health
copay citymd,Health
copay kaiser permanente,Health
copay labcorp,Health
copay minuteclinic,Health
copay one medical,Health
copay quest diagnostics,Health
copay teladoc,Health
copay urgent care,Health
copay zocdoc,Health
cough drops,Health
cough drops at cvs,Health
cough drops at cvs pharmacy,Health
cough drops at goodrx,Health
cough drops at rite aid,Health
cough drops at walgreens,Health
cough drops cvs,Health
cough drops cvs pharmacy,Health
cough drops goodrx,Health
cough drops rite aid,Health
cough drops walgreens,Health
cough drops walmart pharmacy,Health
cough syrup at cvs,Health
cough syrup at cvs pharmacy,Health
cough syrup at goodrx,Health
cough syrup at rite aid,Health
cough syrup at walgreens,Health
cough syrup at walmart pharmacy,Health
cough syrup cvs,Health
cough syrup cvs pharmacy,Health
cough syrup goodrx,Health
cough syrup rite aid,Health
cough syrup walgreens,Health
cough syrup walmart pharmacy,Health
counseling,Health
covid test,Health
cvs,Health
cvs advil,Health
cvs allergy medicine,Health
cvs antibiotics,Health
cvs band aids,Health
cvs cold medicine,Health
cvs cough drops,Health
cvs cough syrup,Health
cvs first aid kit,Health
cvs heating pad,Health
cvs ibuprofen,Health
cvs inhaler refill,Health
cvs multivitamin,Health
cvs nasal spray,Health
cvs pharmacy,Health
cvs pharmacy advil,Health
cvs pharmacy allergy medicine,Health
cvs pharmacy antibiotics,Health
cvs pharmacy band aids,Health
cvs pharmacy cold medicine,Health
cvs pharmacy cough drops,Health
cvs pharmacy cough syrup,Health
cvs pharmacy first aid kit,Health
cvs pharmacy heating pad,Health
cvs pharmacy multivitamin,Health
cvs pharmacy nasal spray,Health
cvs pharmacy prescription,Health
cvs pharmacy prescription refill,Health
cvs pharmacy refill,Health
cvs pharmacy supplements,Health
cvs pharmacy thermometer,Health
cvs pharmacy tylenol,Health
cvs pharmacy vitamins,Health
cvs prescription,Health
cvs prescription refill,Health
cvs refill,Health
cvs supplements,Health
cvs thermometer,Health
cvs tylenol,Health
cvs vitamins,Health
delta dental,Health
delta dental aligners,Health
delta dental cleaning,Health
delta dental filling,Health
delta dental retainer,Health
delta dental x-rays,Health
dental cleaning,Health
dentist,Health
dermatologist,Health
doctor copay,Health
doctor visit,Health
er visit,Health
eye doctor,Health
eye exam,Health
eye exam 1-800 contacts,Health
eye exam america's best,Health
eye exam at 1-800 contacts,Health
eye exam at lenscrafters,Health
eye exam at pearle vision,Health
eye exam at visionworks,Health
eye exam at warby parker,Health
eye exam lenscrafters,Health
eye exam pearle vision,Health
eye exam visionworks,Health
eye exam warby parker,Health
filling,Health
filling aspen dental,Health
filling at aspen dental,Health
filling at delta dental,Health
filling at invisalign,Health
filling at smiledirectclub,Health
filling delta dental,Health
filling invisalign,Health
filling smiledirectclub,Health
first aid kit,Health
first aid kit at cvs,Health
first aid kit at cvs pharmacy,Health
first aid kit at goodrx,Health
first aid kit at rite aid,Health
first aid kit at walgreens,Health
first aid kit at walmart pharmacy,Health
first aid kit cvs,Health
first aid kit cvs pharmacy,Health
first aid kit goodrx,Health
first aid kit rite aid,Health
first aid kit walgreens,Health
first aid kit walmart pharmacy,Health
flu shot,Health
follow up visit,Health
follow up visit at citymd,Health
follow up visit at kaiser permanente,Health
follow up visit at labcorp,Health
follow up visit at minuteclinic,Health
follow up visit at one medical,Health
follow up visit at quest diagnostics,Health
follow up visit at teladoc,Health
follow up visit at urgent care,Health
follow up visit at zocdoc,Health
follow up visit citymd,Health
follow up visit kaiser permanente,Health
follow up visit labcorp,Health
follow up visit minuteclinic,Health
follow up visit one medical,Health
follow up visit quest diagnostics,Health
follow up visit teladoc,Health
follow up visit urgent care,Health
follow up visit zocdoc,Health
glasses,Health
glasses 1-800 contacts,Health
glasses america's best,Health
glasses at 1-800 contacts,Health
glasses at america's best,Health
glasses at lenscrafters,Health
glasses at visionworks,Health
glasses at warby parker,Health
glasses lenscrafters,Health
glasses pearle vision,Health
glasses visionworks,Health
glasses warby parker,Health
goodrx,Health
goodrx advil,Health
goodrx allergy medicine,Health
goodrx antibiotics,Health
goodrx band aids,Health
goodrx cough drops,Health
goodrx cough syrup,Health
goodrx first aid kit,Health
goodrx heating pad,Health
goodrx ibuprofen,Health
goodrx multivitamin,Health
goodrx nasal spray,Health
goodrx prescription,Health
goodrx prescription refill,Health
goodrx refill,Health
goodrx tylenol,Health
goodrx vitamins,Health
health insurance premium,Health
hearing test,Health
heating pad,Health
heating pad at cvs,Health
heating pad at cvs pharmacy,Health
heating pad at goodrx,Health
heating pad at rite aid,Health
heating pad at walgreens,Health
heating pad at walmart pharmacy,Health
heating pad cvs,Health
heating pad cvs pharmacy,Health
heating pad goodrx,Health
heating pad rite aid,Health
heating pad walgreens,Health
heating pad walmart pharmacy,Health
ibuprofen,Health
ibuprofen at cvs pharmacy,Health
ibuprofen at goodrx,Health
ibuprofen at rite aid,Health
ibuprofen at walgreens,Health
ibuprofen at walmart pharmacy,Health
ibuprofen cvs,Health
ibuprofen cvs pharmacy,Health
ibuprofen goodrx,Health
ibuprofen rite aid,Health
ibuprofen walgreens,Health
ibuprofen walmart pharmacy,Health
inhaler refill,Health
inhaler refill at cvs,Health
inhaler refill at cvs pharmacy,Health
inhaler refill at rite aid,Health
inhaler refill at walgreens,Health
inhaler refill at walmart pharmacy,Health
inhaler refill cvs,Health
inhaler refill cvs pharmacy,Health
inhaler refill goodrx,Health
inhaler refill rite aid,Health
inhaler refill walgreens,Health
inhaler refill walmart pharmacy,Health
invisalign,Health
invisalign aligners,Health
invisalign checkup,Health
invisalign cleaning,Health
invisalign filling,Health
invisalign retainer,Health
invisalign x-rays,Health
kaiser permanente,Health
kaiser permanente blood work,Health
kaiser permanente consultation,Health
kaiser permanente copay,Health
kaiser permanente follow up visit,Health
kaiser permanente lab work,Health
kaiser permanente screening,Health
kaiser permanente test results,Health
kaiser permanente visit,Health
lab work,Health
lab work at citymd,Health
lab work at kaiser permanente,Health
lab work at labcorp,Health
lab work at one medical,Health
lab work at quest diagnostics,Health
lab work at teladoc,Health
lab work at urgent care,Health
lab work at zocdoc,Health
lab work citymd,Health
lab work kaiser permanente,Health
lab work labcorp,Health
lab work minuteclinic,Health
lab work one medical,Health
lab work quest diagnostics,Health
lab work teladoc,Health
lab work urgent care,Health
lab work zocdoc,Health
labcorp,Health
labcorp blood work,Health
labcorp consultation,Health
labcorp copay,Health
labcorp lab work,Health
labcorp screening,Health
labcorp test results,Health
labcorp visit,Health
lenscrafters,Health
lenscrafters contact lenses,Health
lenscrafters contact solution,Health
lenscrafters eye exam,Health
lenscrafters glasses,Health
lenscrafters new glasses,Health
lenscrafters prescription sunglasses,Health
lenscrafters reading glasses,Health
minuteclinic,Health
minuteclinic copay,Health
minuteclinic follow up visit,Health
minuteclinic lab work,Health
minuteclinic screening,Health
minuteclinic test results,Health
minuteclinic visit,Health
mri,Health
multivitamin,Health
multivitamin at cvs,Health
multivitamin at cvs pharmacy,Health
multivitamin at goodrx,Health
multivitamin at rite aid,Health
multivitamin at walmart pharmacy,Health
multivitamin cvs,Health
multivitamin cvs pharmacy,Health
multivitamin goodrx,Health
multivitamin rite aid,Health
multivitamin walgreens,Health
multivitamin walmart pharmacy,Health
nasal spray,Health
nasal spray at cvs,Health
nasal spray at cvs pharmacy,Health
nasal spray at goodrx,Health
nasal spray at rite aid,Health
nasal spray at walgreens,Health
nasal spray at walmart pharmacy,Health
nasal spray cvs,Health
nasal spray cvs pharmacy,Health
nasal spray goodrx,Health
nasal spray rite aid,Health
nasal spray walgreens,Health
nasal spray walmart pharmacy,Health
new glasses,Health
new glasses 1-800 contacts,Health
new glasses america's best,Health
new glasses at 1-800 contacts,Health
new glasses at america's best,Health
new glasses at lenscrafters,Health
new glasses at visionworks,Health
new glasses at warby parker,Health
new glasses lenscrafters,Health
new glasses pearle vision,Health
new glasses visionworks,Health
new glasses warby parker,Health
one medical,Health
one medical blood work,Health
one medical consultation,Health
one medical copay,Health
one medical follow up visit,Health
one medical lab work,Health
one medical screening,Health
one medical test results,Health
one medical visit,Health
orthodontist,Health
pearle vision,Health
pearle vision contact lenses,Health
pearle vision contact solution,Health
pearle vision eye exam,Health
pearle vision glasses,Health
pearle vision new glasses,Health
pearle vision prescription sunglasses,Health
pearle vision reading glasses,Health
physical therapy,Health
prescription,Health
prescription at cvs,Health
prescription at goodrx,Health
prescription at rite aid,Health
prescription at walgreens,Health
prescription at walmart pharmacy,Health
prescription copay,Health
prescription cvs,Health
prescription cvs pharmacy,Health
prescription goodrx,Health
prescription refill,Health
prescription refill at cvs,Health
prescription refill at cvs pharmacy,Health
prescription refill at goodrx,Health
prescription refill at rite aid,Health
prescription refill at walmart pharmacy,Health
prescription refill cvs,Health
prescription refill cvs pharmacy,Health
prescription refill goodrx,Health
prescription refill rite aid,Health
prescription refill walgreens,Health
prescription refill walmart pharmacy,Health
prescription rite aid,Health
prescription sunglasses,Health
prescription sunglasses 1-800 contacts,Health
prescription sunglasses america's best,Health
prescription sunglasses at 1-800 contacts,Health
prescription sunglasses at america's best,Health
prescription sunglasses at lenscrafters,Health
prescription sunglasses at pearle vision,Health
prescription sunglasses at visionworks,Health
prescription sunglasses at warby parker,Health
prescription sunglasses lenscrafters,Health
prescription sunglasses pearle vision,Health
prescription sunglasses visionworks,Health
prescription sunglasses warby parker,Health
prescription walgreens,Health
pt session,Health
quest diagnostics,Health
quest diagnostics blood work,Health
quest diagnostics consultation,Health
quest diagnostics lab work,Health
quest diagnostics screening,Health
quest diagnostics test results,Health
quest diagnostics visit,Health
reading glasses,Health
reading glasses 1-800 contacts,Health
reading glasses america's best,Health
reading glasses at 1-800 contacts,Health
reading glasses at america's best,Health
reading glasses at lenscrafters,Health
reading glasses at pearle vision,Health
reading glasses at visionworks,Health
reading glasses at warby parker,Health
reading glasses lenscrafters,Health
reading glasses pearle vision,Health
reading glasses visionworks,Health
reading glasses warby parker,Health
refill,Health
refill at cvs,Health
refill at cvs pharmacy,Health
refill at goodrx,Health
refill at rite aid,Health
refill at walgreens,Health
refill cvs,Health
refill cvs pharmacy,Health
refill goodrx,Health
refill rite aid,Health
refill walgreens,Health
refill walmart pharmacy,Health
retainer,Health
retainer aspen dental,Health
retainer at aspen dental,Health
retainer at delta dental,Health
retainer at invisalign,Health
retainer at smiledirectclub,Health
retainer delta dental,Health
retainer invisalign,Health
retainer smiledirectclub,Health
rite aid,Health
rite aid allergy medicine,Health
rite aid antibiotics,Health
rite aid band aids,Health
rite aid cough drops,Health
rite aid first aid kit,Health
rite aid heating pad,Health
rite aid ibuprofen,Health
rite aid inhaler refill,Health
rite aid multivitamin,Health
rite aid nasal spray,Health
rite aid prescription,Health
rite aid prescription refill,Health
rite aid refill,Health
rite aid supplements,Health
rite aid thermometer,Health
rite aid tylenol,Health
rite aid vitamins,Health
root canal,Health
screening,Health
screening at citymd,Health
screening at kaiser permanente,Health
screening at labcorp,Health
screening at one medical,Health
screening at quest diagnostics,Health
screening at teladoc,Health
screening at urgent care,Health
screening at zocdoc,Health
screening citymd,Health
screening kaiser permanente,Health
screening labcorp,Health
screening minuteclinic,Health
screening one medical,Health
screening quest diagnostics,Health
screening teladoc,Health
screening urgent care,Health
screening zocdoc,Health
smiledirectclub aligners,Health
smiledirectclub checkup,Health
smiledirectclub cleaning,Health
smiledirectclub filling,Health
smiledirectclub retainer,Health
smiledirectclub x-rays,Health
specialist copay,Health
supplements,Health
supplements at cvs,Health
supplements at cvs pharmacy,Health
supplements at goodrx,Health
supplements at rite aid,Health
supplements at walmart pharmacy,Health
supplements cvs,Health
supplements cvs pharmacy,Health
supplements goodrx,Health
supplements rite aid,Health
supplements walgreens,Health
supplements walmart pharmacy,Health
teeth cleaning,Health
teladoc,Health
teladoc consultation,Health
teladoc copay,Health
teladoc follow up visit,Health
teladoc lab work,Health
teladoc screening,Health
teladoc test results,Health
test results,Health
test results at citymd,Health
test results at labcorp,Health
test results at minuteclinic,Health
test results at one medical,Health
test results at quest diagnostics,Health
test results at teladoc,Health
test results at urgent care,Health
test results at zocdoc,Health
test results citymd,Health
test results kaiser permanente,Health
test results labcorp,Health
test results minuteclinic,Health
test results one medical,Health
test results quest diagnostics,Health
test results teladoc,Health
test results urgent care,Health
test results zocdoc,Health
therapy copay,Health
therapy session,Health
thermometer,Health
thermometer at cvs,Health
thermometer at cvs pharmacy,Health
thermometer at goodrx,Health
thermometer at rite aid,Health
thermometer at walgreens,Health
thermometer at walmart pharmacy,Health
thermometer cvs,Health
thermometer cvs pharmacy,Health
thermometer goodrx,Health
thermometer rite aid,Health
thermometer walgreens,Health
thermometer walmart pharmacy,Health
tylenol,Health
tylenol at cvs,Health
tylenol at cvs pharmacy,Health
tylenol at goodrx,Health
tylenol at rite aid,Health
tylenol at walgreens,Health
tylenol at walmart pharmacy,Health
tylenol cvs,Health
tylenol cvs pharmacy,Health
tylenol goodrx,Health
tylenol rite aid,Health
tylenol walgreens,Health
urgent care,Health
urgent care blood work,Health
urgent care consultation,Health
urgent care copay,Health
urgent care follow up visit,Health
urgent care lab work,Health
urgent care screening,Health
urgent care test results,Health
urgent care visit,Health
vaccine,Health
vision exam,Health
visionworks,Health
visionworks contact lenses,Health
visionworks contact solution,Health
visionworks eye exam,Health
visionworks glasses,Health
visionworks new glasses,Health
visionworks prescription sunglasses,Health
visionworks reading glasses,Health
visit,Health
visit at citymd,Health
visit at kaiser permanente,Health
visit at minuteclinic,Health
visit at one medical,Health
visit at quest diagnostics,Health
visit at teladoc,Health
visit at urgent care,Health
visit at zocdoc,Health
visit citymd,Health
visit kaiser permanente,Health
visit labcorp,Health
visit minuteclinic,Health
visit one medical,Health
visit quest diagnostics,Health
visit teladoc,Health
visit urgent care,Health
visit zocdoc,Health
vitamins,Health
vitamins at cvs,Health
vitamins at walgreens,Health
vitamins at walmart pharmacy,Health
vitamins cvs,Health
vitamins cvs pharmacy,Health
vitamins goodrx,Health
vitamins rite aid,Health
vitamins walgreens,Health
vitamins walmart pharmacy,Health
walgreens,Health
walgreens advil,Health
walgreens band aids,Health
walgreens cold medicine,Health
walgreens cough drops,Health
walgreens cough syrup,Health
walgreens first aid kit,Health
walgreens heating pad,Health
walgreens ibuprofen,Health
walgreens inhaler refill,Health
walgreens multivitamin,Health
walgreens nasal spray,Health
walgreens prescription,Health
walgreens refill,Health
walgreens supplements,Health
walgreens thermometer,Health
walgreens tylenol,Health
walgreens vitamins,Health
walmart pharmacy advil,Health
walmart pharmacy allergy medicine,Health
walmart pharmacy antibiotics,Health
walmart pharmacy band aids,Health
walmart pharmacy cold medicine,Health
walmart pharmacy cough drops,Health
walmart pharmacy cough syrup,Health
walmart pharmacy first aid kit,Health
walmart pharmacy heating pad,Health
walmart pharmacy ibuprofen,Health
walmart pharmacy inhaler refill,Health
walmart pharmacy multivitamin,Health
walmart pharmacy nasal spray,Health
walmart pharmacy prescription refill,Health
walmart pharmacy refill,Health
walmart pharmacy supplements,Health
walmart pharmacy thermometer,Health
walmart pharmacy tylenol,Health
walmart pharmacy vitamins,Health
warby parker,Health
warby parker contact solution,Health
warby parker eye exam,Health
warby parker glasses,Health
warby parker new glasses,Health
warby parker reading glasses,Health
x-ray,Health
x-rays,Health
x-rays aspen dental,Health
x-rays at aspen dental,Health
x-rays at delta dental,Health
x-rays at invisalign,Health
x-rays at smiledirectclub,Health
x-rays delta dental,Health
x-rays invisalign,Health
x-rays smiledirectclub,Health
zocdoc,Health
zocdoc blood work,Health
zocdoc consultation,Health
zocdoc copay,Health
zocdoc follow up visit,Health
zocdoc lab work,Health
zocdoc screening,Health
zocdoc test results,Health
zocdoc visit,Health
abebooks,Education
abebooks course reader,Education
abebooks lab manual,Education
abebooks study guide,Education
abebooks textbook,Education
abebooks textbook rental,Education
abebooks textbooks,Education
abebooks used textbook,Education
abebooks workbook,Education
annual plan,Education
annual plan at brilliant,Education
annual plan at codecademy,Education
annual plan at coursera,Education
annual plan at datacamp,Education
annual plan at duolingo,Education
annual plan at edx,Education
annual plan at linkedin learning,Education
annual plan at masterclass,Education
annual plan at pluralsight,Education
annual plan at skillshare,Education
annual plan at udemy,Education
annual plan brilliant,Education
annual plan codecademy,Education
annual plan coursera,Education
annual plan datacamp,Education
annual plan duolingo,Education
annual plan edx,Education
annual plan linkedin learning,Education
annual plan masterclass,Education
annual plan pluralsight,Education
annual plan skillshare,Education
annual plan udemy,Education
barnes & noble,Education
barnes & noble course reader,Education
barnes & noble lab manual,Education
barnes & noble study guide,Education
barnes & noble textbook,Education
barnes & noble textbook rental,Education
barnes & noble textbooks,Education
barnes & noble used textbook,Education
barnes & noble workbook,Education
binder,Education
binder at office depot,Education
binder at officemax,Education
binder at staples,Education
binder office depot,Education
binder officemax,Education
binder staples,Education
brilliant,Education
brilliant annual plan,Education
brilliant certification course,Education
brilliant course,Education
brilliant course enrollment,Education
brilliant online course,Education
brilliant specialization,Education
calculator,Education
calculator at office depot,Education
calculator at officemax,Education
calculator at staples,Education
calculator office depot,Education
calculator officemax,Education
calculator staples,Education
campus bookstore,Education
campus bookstore course reader,Education
campus bookstore lab manual,Education
campus bookstore study guide,Education
campus bookstore textbook,Education
campus bookstore textbook rental,Education
campus bookstore textbooks,Education
campus bookstore used textbook,Education
campus bookstore workbook,Education
campus parking permit,Education
certification course,Education
certification course at brilliant,Education
certification course at codecademy,Education
certification course at coursera,Education
certification course at datacamp,Education
certification course at duolingo,Education
certification course at edx,Education
certification course at linkedin learning,Education
certification course at masterclass,Education
certification course at pluralsight,Education
certification course at skillshare,Education
certification course at udemy,Education
certification course brilliant,Education
certification course codecademy,Education
certification course coursera,Education
certification course datacamp,Education
certification course duolingo,Education
certification course edx,Education
certification course linkedin learning,Education
certification course masterclass,Education
certification course pluralsight,Education
certification course skillshare,Education
certification course udemy,Education
certification exam,Education
chegg,Education
chegg course reader,Education
chegg lab manual,Education
chegg study guide,Education
chegg textbook,Education
chegg textbook rental,Education
chegg textbooks,Education
chegg used textbook,Education
chegg workbook,Education
class materials,Education
codecademy,Education
codecademy annual plan,Education
codecademy certification course,Education
codecademy course,Education
codecademy course enrollment,Education
codecademy online course,Education
codecademy specialization,Education
college board,Education
college board exam fee,Education
college board practice tests,Education
college board prep course,Education
college board retake fee,Education
college board score report,Education
college board test registration,Education
conference registration,Education
course,Education
course at brilliant,Education
course at codecademy,Education
course at coursera,Education
course at datacamp,Education
course at duolingo,Education
course at edx,Education
course at linkedin learning,Education
course at masterclass,Education
course at pluralsight,Education
course at skillshare,Education
course at udemy,Education
course brilliant,Education
course codecademy,Education
course coursera,Education
course datacamp,Education
course duolingo,Education
course edx,Education
course enrollment,Education
course enrollment at brilliant,Education
course enrollment at codecademy,Education
course enrollment at coursera,Education
course enrollment at datacamp,Education
course enrollment at duolingo,Education
course enrollment at edx,Education
course enrollment at linkedin learning,Education
course enrollment at masterclass,Education
course enrollment at pluralsight,Education
course enrollment at skillshare,Education
course enrollment at udemy,Education
course enrollment brilliant,Education
course enrollment codecademy,Education
course enrollment coursera,Education
course enrollment datacamp,Education
course enrollment duolingo,Education
course enrollment edx,Education
course enrollment linkedin learning,Education
course enrollment masterclass,Education
course enrollment pluralsight,Education
course enrollment skillshare,Education
course enrollment udemy,Education
course fee,Education
course linkedin learning,Education
course masterclass,Education
course pluralsight,Education
course reader,Education
course reader abebooks,Education
course reader at abebooks,Education
course reader at barnes & noble,Education
course reader at campus bookstore,Education
course reader at chegg,Education
course reader at thriftbooks,Education
course reader barnes & noble,Education
course reader campus bookstore,Education
course reader chegg,Education
course reader thriftbooks,Education
course skillshare,Education
course udemy,Education
coursera,Education
coursera annual plan,Education
coursera certification course,Education
coursera course,Education
coursera course enrollment,Education
coursera online course,Education
coursera specialization,Education
datacamp,Education
datacamp annual plan,Education
datacamp certification course,Education
datacamp course,Education
datacamp course enrollment,Education
datacamp online course,Education
datacamp specialization,Education
duolingo,Education
duolingo annual plan,Education
duolingo certification course,Education
duolingo course,Education
duolingo course enrollment,Education
duolingo online course,Education
duolingo specialization,Education
edx,Education
edx annual plan,Education
edx certification course,Education
edx course,Education
edx course enrollment,Education
edx online course,Education
edx specialization,Education
ets,Education
ets exam fee,Education
ets practice tests,Education
ets prep course,Education
ets retake fee,Education
ets score report,Education
ets test registration,Education
exam fee,Education
exam fee at college board,Education
exam fee at ets,Education
exam fee at kaplan,Education
exam fee at pearson vue,Education
exam fee at princeton review,Education
exam fee college board,Education
exam fee ets,Education
exam fee kaplan,Education
exam fee pearson vue,Education
exam fee princeton review,Education
flash cards,Education
flash cards at office depot,Education
flash cards at officemax,Education
flash cards at staples,Education
flash cards office depot,Education
flash cards officemax,Education
flash cards staples,Education
folders,Education
folders at office depot,Education
folders at officemax,Education
folders at staples,Education
folders office depot,Education
folders officemax,Education
folders staples,Education
graphing calculator,Education
graphing calculator at office depot,Education
graphing calculator at officemax,Education
graphing calculator at staples,Education
graphing calculator office depot,Education
graphing calculator officemax,Education
graphing calculator staples,Education
gre registration,Education
highlighters,Education
highlighters at office depot,Education
highlighters at officemax,Education
highlighters at staples,Education
highlighters office depot,Education
highlighters officemax,Education
highlighters staples,Education
index cards,Education
index cards at office depot,Education
index cards at officemax,Education
index cards at staples,Education
index cards office depot,Education
index cards officemax,Education
index cards staples,Education
kaplan,Education
kaplan exam fee,Education
kaplan practice tests,Education
kaplan prep course,Education
kaplan retake fee,Education
kaplan score report,Education
kaplan test registration,Education
lab fee,Education
lab manual,Education
lab manual abebooks,Education
lab manual at abebooks,Education
lab manual at barnes & noble,Education
lab manual at campus bookstore,Education
lab manual at chegg,Education
lab manual at thriftbooks,Education
lab manual barnes & noble,Education
lab manual campus bookstore,Education
lab manual chegg,Education
lab manual thriftbooks,Education
library fine,Education
linkedin learning,Education
linkedin learning annual plan,Education
linkedin learning certification course,Education
linkedin learning course,Education
linkedin learning course enrollment,Education
linkedin learning online course,Education
linkedin learning specialization,Education
masterclass,Education
masterclass annual plan,Education
masterclass certification course,Education
masterclass course,Education
masterclass course enrollment,Education
masterclass online course,Education
masterclass specialization,Education
notebook,Education
notebook at office depot,Education
notebook at officemax,Education
notebook at staples,Education
notebook office depot,Education
notebook officemax,Education
notebook staples,Education
notebooks,Education
notebooks at office depot,Education
notebooks at officemax,Education
notebooks at staples,Education
notebooks office depot,Education
notebooks officemax,Education
notebooks staples,Education
office depot,Education
office depot binder,Education
office depot calculator,Education
office depot flash cards,Education
office depot folders,Education
office depot graphing calculator,Education
office depot highlighters,Education
office depot index cards,Education
office depot notebook,Education
office depot notebooks,Education
office depot pencils,Education
office depot pens,Education
office depot planner,Education
office depot printer ink,Education
office depot printer paper,Education
office depot sticky notes,Education
officemax,Education
officemax binder,Education
officemax calculator,Education
officemax flash cards,Education
officemax folders,Education
officemax graphing calculator,Education
officemax highlighters,Education
officemax index cards,Education
officemax notebook,Education
officemax notebooks,Education
officemax pencils,Education
officemax pens,Education
officemax planner,Education
officemax printer ink,Education
officemax printer paper,Education
officemax sticky notes,Education
online course,Education
online course at brilliant,Education
online course at codecademy,Education
online course at coursera,Education
online course at datacamp,Education
online course at duolingo,Education
online course at edx,Education
online course at linkedin learning,Education
online course at masterclass,Education
online course at pluralsight,Education
online course at skillshare,Education
online course at udemy,Education
online course brilliant,Education
online course codecademy,Education
online course coursera,Education
online course datacamp,Education
online course duolingo,Education
online course edx,Education
online course linkedin learning,Education
online course masterclass,Education
online course pluralsight,Education
online course skillshare,Education
online course udemy,Education
pearson vue,Education
pearson vue exam fee,Education
pearson vue practice tests,Education
pearson vue prep course,Education
pearson vue retake fee,Education
pearson vue score report,Education
pearson vue test registration,Education
pencils,Education
pencils at office depot,Education
pencils at officemax,Education
pencils at staples,Education
pencils office depot,Education
pencils officemax,Education
pencils staples,Education
pens,Education
pens at office depot,Education
pens at officemax,Education
pens at staples,Education
pens office depot,Education
pens officemax,Education
pens staples,Education
planner,Education
planner at office depot,Education
planner at officemax,Education
planner at staples,Education
planner office depot,Education
planner officemax,Education
planner staples,Education
pluralsight,Education
pluralsight annual plan,Education
pluralsight certification course,Education
pluralsight course,Education
pluralsight course enrollment,Education
pluralsight online course,Education
pluralsight specialization,Education
practice tests,Education
practice tests at college board,Education
practice tests at ets,Education
practice tests at kaplan,Education
practice tests at pearson vue,Education
practice tests at princeton review,Education
practice tests college board,Education
practice tests ets,Education
practice tests kaplan,Education
practice tests pearson vue,Education
practice tests princeton review,Education
prep course,Education
prep course at college board,Education
prep course at ets,Education
prep course at kaplan,Education
prep course at pearson vue,Education
prep course at princeton review,Education
prep course college board,Education
prep course ets,Education
prep course kaplan,Education
prep course pearson vue,Education
prep course princeton review,Education
princeton review,Education
princeton review exam fee,Education
princeton review practice tests,Education
princeton review prep course,Education
princeton review retake fee,Education
princeton review score report,Education
princeton review test registration,Education
printer ink,Education
printer ink at office depot,Education
printer ink at officemax,Education
printer ink at staples,Education
printer ink office depot,Education
printer ink officemax,Education
printer ink staples,Education
printer paper,Education
printer paper at office depot,Education
printer paper at officemax,Education
printer paper at staples,Education
printer paper office depot,Education
printer paper officemax,Education
printer paper staples,Education
printing credits,Education
registration fee,Education
retake fee,Education
retake fee at college board,Education
retake fee at ets,Education
retake fee at kaplan,Education
retake fee at pearson vue,Education
retake fee at princeton review,Education
retake fee college board,Education
retake fee ets,Education
retake fee kaplan,Education
retake fee pearson vue,Education
retake fee princeton review,Education
sat fee,Education
school supplies,Education
score report,Education
score report at college board,Education
score report at ets,Education
score report at kaplan,Education
score report at pearson vue,Education
score report at princeton review,Education
score report college board,Education
score report ets,Education
score report kaplan,Education
score report pearson vue,Education
score report princeton review,Education
semester fees,Education
skillshare,Education
skillshare annual plan,Education
skillshare certification course,Education
skillshare course,Education
skillshare course enrollment,Education
skillshare online course,Education
skillshare specialization,Education
specialization,Education
specialization at brilliant,Education
specialization at codecademy,Education
specialization at coursera,Education
specialization at datacamp,Education
specialization at duolingo,Education
specialization at edx,Education
specialization at linkedin learning,Education
specialization at masterclass,Education
specialization at pluralsight,Education
specialization at skillshare,Education
specialization at udemy,Education
specialization brilliant,Education
specialization codecademy,Education
specialization coursera,Education
specialization datacamp,Education
specialization duolingo,Education
specialization edx,Education
specialization linkedin learning,Education
specialization masterclass,Education
specialization pluralsight,Education
specialization skillshare,Education
specialization udemy,Education
staples,Education
staples binder,Education
staples calculator,Education
staples flash cards,Education
staples folders,Education
staples graphing calculator,Education
staples highlighters,Education
staples index cards,Education
staples notebook,Education
staples notebooks,Education
staples pencils,Education
staples pens,Education
staples planner,Education
staples printer ink,Education
staples printer paper,Education
staples sticky notes,Education
sticky notes,Education
sticky notes at office depot,Education
sticky notes at officemax,Education
sticky notes at staples,Education
sticky notes office depot,Education
sticky notes officemax,Education
sticky notes staples,Education
student loan payment,Education
study guide,Education
study guide abebooks,Education
study guide at abebooks,Education
study guide at barnes & noble,Education
study guide at campus bookstore,Education
study guide at chegg,Education
study guide at thriftbooks,Education
study guide barnes & noble,Education
study guide campus bookstore,Education
study guide chegg,Education
study guide thriftbooks,Education
test registration,Education
test registration at college board,Education
test registration at ets,Education
test registration at kaplan,Education
test registration at pearson vue,Education
test registration at princeton review,Education
test registration college board,Education
test registration ets,Education
test registration kaplan,Education
test registration pearson vue,Education
test registration princeton review,Education
textbook,Education
textbook abebooks,Education
textbook at abebooks,Education
textbook at barnes & noble,Education
textbook at campus bookstore,Education
textbook at chegg,Education
textbook at thriftbooks,Education
textbook barnes & noble,Education
textbook campus bookstore,Education
textbook chegg,Education
textbook rental,Education
textbook rental abebooks,Education
textbook rental at abebooks,Education
textbook rental at barnes & noble,Education
textbook rental at campus bookstore,Education
textbook rental at chegg,Education
textbook rental at thriftbooks,Education
textbook rental barnes & noble,Education
textbook rental campus bookstore,Education
textbook rental chegg,Education
textbook rental thriftbooks,Education
textbook thriftbooks,Education
textbooks,Education
textbooks abebooks,Education
textbooks at abebooks,Education
textbooks at barnes & noble,Education
textbooks at campus bookstore,Education
textbooks at chegg,Education
textbooks at thriftbooks,Education
textbooks barnes & noble,Education
textbooks campus bookstore,Education
textbooks chegg,Education
textbooks thriftbooks,Education
thriftbooks,Education
thriftbooks course reader,Education
thriftbooks lab manual,Education
thriftbooks study guide,Education
thriftbooks textbook,Education
thriftbooks textbook rental,Education
thriftbooks textbooks,Education
thriftbooks used textbook,Education
thriftbooks workbook,Education
tuition payment,Education
tutoring,Education
tutoring session,Education
udemy,Education
udemy annual plan,Education
udemy certification course,Education
udemy course,Education
udemy course enrollment,Education
udemy online course,Education
udemy specialization,Education
used textbook,Education
used textbook abebooks,Education
used textbook at abebooks,Education
used textbook at barnes & noble,Education
used textbook at campus bookstore,Education
used textbook at chegg,Education
used textbook at thriftbooks,Education
used textbook barnes & noble,Education
used textbook campus bookstore,Education
used textbook chegg,Education
used textbook thriftbooks,Education
workbook,Education
workbook abebooks,Education
workbook at abebooks,Education
workbook at barnes & noble,Education
workbook at campus bookstore,Education
workbook at chegg,Education
workbook at thriftbooks,Education
workbook barnes & noble,Education
workbook campus bookstore,Education
workbook chegg,Education
workbook thriftbooks,Education
workshop fee,Education
3d tickets,Entertainment
3d tickets alamo drafthouse,Entertainment
3d tickets amc,Entertainment
3d tickets at amc,Entertainment
3d tickets at cinemark,Entertainment
3d tickets at regal,Entertainment
3d tickets cinemark,Entertainment
3d tickets marcus theatres,Entertainment
adler planetarium,Entertainment
adler planetarium exhibit tickets,Entertainment
adler planetarium planetarium,Entertainment
alamo drafthouse,Entertainment
alamo drafthouse concession stand,Entertainment
alamo drafthouse movie ticket,Entertainment
alamo drafthouse movie tickets,Entertainment
alamo drafthouse opening night tickets,Entertainment
alamo drafthouse popcorn and drinks,Entertainment
alamo drafthouse two movie tickets,Entertainment
amc,Entertainment
amc matinee,Entertainment
amc opening night tickets,Entertainment
amc popcorn and drinks,Entertainment
aquarium tickets at smithsonian,Entertainment
aquarium tickets exploratorium,Entertainment
aquarium tickets field museum,Entertainment
aquarium tickets moma,Entertainment
aquarium tickets smithsonian,Entertainment
aquarium tickets the met,Entertainment
arcade games at bowlero,Entertainment
arcade games at dave & buster's,Entertainment
arcade games at round1,Entertainment
arcade games at topgolf,Entertainment
arcade games bowlero,Entertainment
arcade games chuck e. cheese,Entertainment
arcade games main event,Entertainment
arcade games round1,Entertainment
arcade games topgolf,Entertainment
axe throwing,Entertainment
axe throwing at main event,Entertainment
axe throwing at round1,Entertainment
axe throwing at topgolf,Entertainment
axe throwing bowlero,Entertainment
axe throwing chuck e. cheese,Entertainment
axe throwing dave & buster's,Entertainment
axe throwing main event,Entertainment
axe throwing round1,Entertainment
axe throwing topgolf,Entertainment
axs ballet tickets,Entertainment
axs basketball tickets,Entertainment
axs broadway tickets,Entertainment
axs comedy show,Entertainment
axs concert tickets,Entertainment
axs festival tickets,Entertainment
axs football tickets,Entertainment
axs game tickets,Entertainment
axs hockey tickets,Entertainment
axs opera tickets,Entertainment
axs show tickets,Entertainment
ballet tickets at axs,Entertainment
ballet tickets at live nation,Entertainment
ballet tickets at stubhub,Entertainment
ballet tickets at ticketmaster,Entertainment
ballet tickets at vivid seats,Entertainment
ballet tickets axs,Entertainment
ballet tickets seatgeek,Entertainment
ballet tickets stubhub,Entertainment
ballet tickets ticketmaster,Entertainment
baseball tickets,Entertainment
baseball tickets at axs,Entertainment
baseball tickets at live nation,Entertainment
baseball tickets at seatgeek,Entertainment
baseball tickets at stubhub,Entertainment
baseball tickets at vivid seats,Entertainment
baseball tickets axs,Entertainment
baseball tickets stubhub,Entertainment
baseball tickets vivid seats,Entertainment
basketball tickets,Entertainment
basketball tickets at live nation,Entertainment
basketball tickets at seatgeek,Entertainment
basketball tickets at vivid seats,Entertainment
basketball tickets axs,Entertainment
basketball tickets stubhub,Entertainment
basketball tickets ticketmaster,Entertainment
batting cages at bowlero,Entertainment
batting cages at dave & buster's,Entertainment
batting cages at round1,Entertainment
batting cages at topgolf,Entertainment
batting cages chuck e. cheese,Entertainment
batting cages main event,Entertainment
batting cages round1,Entertainment
battle.net bundle,Entertainment
battle.net controller,Entertainment
battle.net game pass,Entertainment
battle.net in game currency,Entertainment
battle.net new game,Entertainment
book,Entertainment
bowlero,Entertainment
bowlero arcade games,Entertainment
bowlero batting cages,Entertainment
bowlero game credits,Entertainment
bowlero go karts,Entertainment
bowlero laser tag,Entertainment
bowling at chuck e. cheese,Entertainment
bowling bowlero,Entertainment
bowling chuck e. cheese,Entertainment
bowling main event,Entertainment
bowling round1,Entertainment
bowling topgolf,Entertainment
broadway tickets,Entertainment
broadway tickets at live nation,Entertainment
broadway tickets axs,Entertainment
broadway tickets live nation,Entertainment
broadway tickets stubhub,Entertainment
broadway tickets ticketmaster,Entertainment
broadway tickets vivid seats,Entertainment
bundle at battle.net,Entertainment
bundle at gamestop,Entertainment
bundle at humble bundle,Entertainment
bundle at playstation store,Entertainment
bundle at steam,Entertainment
bundle battle.net,Entertainment
bundle epic games,Entertainment
bundle gamestop,Entertainment
bundle humble bundle,Entertainment
bundle itch.io,Entertainment
bundle nintendo eshop,Entertainment
bundle playstation store,Entertainment
bundle steam,Entertainment
bundle xbox,Entertainment
busch gardens park parking,Entertainment
busch gardens season pass,Entertainment
busch gardens theme park tickets,Entertainment
cedar point,Entertainment
cedar point day pass,Entertainment
cedar point fast pass,Entertainment
cedar point park parking,Entertainment
chuck e. cheese,Entertainment
chuck e. cheese arcade games,Entertainment
chuck e. cheese axe throwing,Entertainment
chuck e. cheese game credits,Entertainment
chuck e. cheese go karts,Entertainment
chuck e. cheese laser tag,Entertainment
chuck e. cheese mini golf,Entertainment
cinemark,Entertainment
cinemark concession stand,Entertainment
cinemark imax tickets,Entertainment
cinemark movie tickets,Entertainment
cinemark opening night tickets,Entertainment
cinemark two movie tickets,Entertainment
comedy show,Entertainment
comedy show at stubhub,Entertainment
comedy show at ticketmaster,Entertainment
comedy show axs,Entertainment
comedy show seatgeek,Entertainment
comedy show stubhub,Entertainment
comedy show ticketmaster,Entertainment
comedy show vivid seats,Entertainment
comic book,Entertainment
concert,Entertainment
concert tickets,Entertainment
concert tickets at live nation,Entertainment
concert tickets at seatgeek,Entertainment
concert tickets at stubhub,Entertainment
concert tickets axs,Entertainment
concert tickets seatgeek,Entertainment
concert tickets stubhub,Entertainment
concert tickets ticketmaster,Entertainment
concert tickets vivid seats,Entertainment
concession stand,Entertainment
concession stand alamo drafthouse,Entertainment
concession stand amc,Entertainment
concession stand at alamo drafthouse,Entertainment
concession stand at fandango,Entertainment
concession stand at marcus theatres,Entertainment
concession stand marcus theatres,Entertainment
concession stand regal,Entertainment
controller,Entertainment
controller at battle.net,Entertainment
controller at gamestop,Entertainment
controller at steam,Entertainment
controller battle.net,Entertainment
controller epic games,Entertainment
controller gamestop,Entertainment
controller humble bundle,Entertainment
controller itch.io,Entertainment
controller nintendo eshop,Entertainment
controller playstation store,Entertainment
controller steam,Entertainment
controller xbox,Entertainment
dave & buster's,Entertainment
dave & buster's arcade games,Entertainment
dave & buster's batting cages,Entertainment
dave & buster's bowling,Entertainment
dave & buster's escape room,Entertainment
dave & buster's game credits,Entertainment
dave & buster's go karts,Entertainment
dave & buster's laser tag,Entertainment
dave & buster's mini golf,Entertainment
day pass at busch gardens,Entertainment
day pass at sea world,Entertainment
day pass at universal studios,Entertainment
day pass busch gardens,Entertainment
day pass cedar point,Entertainment
day pass disneyland,Entertainment
day pass sea world,Entertainment
day pass six flags,Entertainment
digital rental,Entertainment
digital rental at google play,Entertainment
digital rental at itunes,Entertainment
digital rental google play,Entertainment
digital rental vudu,Entertainment
disneyland day pass,Entertainment
disneyland fast pass,Entertainment
disneyland park admission,Entertainment
disneyland theme park tickets,Entertainment
dlc,Entertainment
dlc at battle.net,Entertainment
dlc at epic games,Entertainment
dlc at gamestop,Entertainment
dlc at nintendo eshop,Entertainment
dlc at playstation store,Entertainment
dlc at xbox,Entertainment
dlc battle.net,Entertainment
dlc epic games,Entertainment
dlc gamestop,Entertainment
dlc humble bundle,Entertainment
dlc itch.io,Entertainment
dlc nintendo eshop,Entertainment
dlc playstation store,Entertainment
dlc steam,Entertainment
dlc xbox,Entertainment
epic games,Entertainment
epic games bundle,Entertainment
epic games controller,Entertainment
epic games expansion,Entertainment
epic games game preorder,Entertainment
epic games in game currency,Entertainment
epic games new game,Entertainment
escape room,Entertainment
escape room at bowlero,Entertainment
escape room at chuck e. cheese,Entertainment
escape room at dave & buster's,Entertainment
escape room at main event,Entertainment
escape room at round1,Entertainment
escape room bowlero,Entertainment
escape room chuck e. cheese,Entertainment
escape room dave & buster's,Entertainment
escape room round1,Entertainment
escape room topgolf,Entertainment
exhibit tickets,Entertainment
exhibit tickets adler planetarium,Entertainment
exhibit tickets at field museum,Entertainment
exhibit tickets at smithsonian,Entertainment
exhibit tickets at the met,Entertainment
exhibit tickets moma,Entertainment
exhibit tickets the met,Entertainment
expansion at battle.net,Entertainment
expansion at epic games,Entertainment
expansion at gamestop,Entertainment
expansion at humble bundle,Entertainment
expansion at itch.io,Entertainment
expansion at playstation store,Entertainment
expansion epic games,Entertainment
expansion gamestop,Entertainment
expansion humble bundle,Entertainment
expansion itch.io,Entertainment
expansion nintendo eshop,Entertainment
expansion playstation store,Entertainment
expansion steam,Entertainment
expansion xbox,Entertainment
exploratorium,Entertainment
exploratorium aquarium tickets,Entertainment
exploratorium exhibit tickets,Entertainment
fandango 3d tickets,Entertainment
fandango imax tickets,Entertainment
fandango matinee,Entertainment
fandango movie ticket,Entertainment
fandango opening night tickets,Entertainment
fandango popcorn and drinks,Entertainment
fandango two movie tickets,Entertainment
fast pass,Entertainment
fast pass at cedar point,Entertainment
fast pass at sea world,Entertainment
fast pass at six flags,Entertainment
fast pass busch gardens,Entertainment
fast pass cedar point,Entertainment
fast pass disneyland,Entertainment
fast pass sea world,Entertainment
fast pass six flags,Entertainment
fast pass universal studios,Entertainment
festival tickets,Entertainment
festival tickets at axs,Entertainment
festival tickets at live nation,Entertainment
festival tickets at stubhub,Entertainment
festival tickets at vivid seats,Entertainment
festival tickets axs,Entertainment
festival tickets live nation,Entertainment
festival tickets seatgeek,Entertainment
festival tickets stubhub,Entertainment
festival tickets vivid seats,Entertainment
field museum,Entertainment
field museum aquarium tickets,Entertainment
field museum exhibit tickets,Entertainment
field museum gallery admission,Entertainment
field museum planetarium,Entertainment
field museum zoo tickets,Entertainment
football tickets at live nation,Entertainment
football tickets at vivid seats,Entertainment
football tickets axs,Entertainment
football tickets live nation,Entertainment
football tickets seatgeek,Entertainment
football tickets stubhub,Entertainment
football tickets vivid seats,Entertainment
gallery admission adler planetarium,Entertainment
gallery admission at exploratorium,Entertainment
gallery admission at field museum,Entertainment
gallery admission at smithsonian,Entertainment
gallery admission at the met,Entertainment
gallery admission exploratorium,Entertainment
gallery admission field museum,Entertainment
gallery admission moma,Entertainment
gallery admission smithsonian,Entertainment
game credits,Entertainment
game credits at bowlero,Entertainment
game credits at dave & buster's,Entertainment
game credits at main event,Entertainment
game credits at topgolf,Entertainment
game credits bowlero,Entertainment
game credits chuck e. cheese,Entertainment
game credits dave & buster's,Entertainment
game credits main event,Entertainment
game credits round1,Entertainment
game credits topgolf,Entertainment
game pass,Entertainment
game pass at epic games,Entertainment
game pass at gamestop,Entertainment
game pass at itch.io,Entertainment
game pass battle.net,Entertainment
game pass epic games,Entertainment
game pass humble bundle,Entertainment
game pass itch.io,Entertainment
game pass nintendo eshop,Entertainment
game pass playstation store,Entertainment
game pass xbox,Entertainment
game preorder,Entertainment
game preorder at battle.net,Entertainment
game preorder at gamestop,Entertainment
game preorder at itch.io,Entertainment
game preorder at nintendo eshop,Entertainment
game preorder at playstation store,Entertainment
game preorder battle.net,Entertainment
game preorder epic games,Entertainment
game preorder humble bundle,Entertainment
game preorder itch.io,Entertainment
game preorder nintendo eshop,Entertainment
game preorder playstation store,Entertainment
game preorder steam,Entertainment
game preorder xbox,Entertainment
game tickets,Entertainment
game tickets at live nation,Entertainment
game tickets at stubhub,Entertainment
game tickets at vivid seats,Entertainment
game tickets axs,Entertainment
game tickets live nation,Entertainment
game tickets seatgeek,Entertainment
game tickets stubhub,Entertainment
game tickets ticketmaster,Entertainment
gamestop,Entertainment
gamestop bundle,Entertainment
gamestop controller,Entertainment
gamestop expansion,Entertainment
gamestop game preorder,Entertainment
gamestop in game currency,Entertainment
gamestop new game,Entertainment
gamestop video game,Entertainment
go karts at dave & buster's,Entertainment
go karts bowlero,Entertainment
go karts chuck e. cheese,Entertainment
go karts dave & buster's,Entertainment
go karts main event,Entertainment
go karts round1,Entertainment
go karts topgolf,Entertainment
google play movie purchase,Entertainment
hockey tickets,Entertainment
hockey tickets at live nation,Entertainment
hockey tickets live nation,Entertainment
hockey tickets seatgeek,Entertainment
hockey tickets stubhub,Entertainment
hockey tickets ticketmaster,Entertainment
hockey tickets vivid seats,Entertainment
humble bundle,Entertainment
humble bundle bundle,Entertainment
humble bundle controller,Entertainment
humble bundle dlc,Entertainment
humble bundle expansion,Entertainment
humble bundle new game,Entertainment
imax tickets,Entertainment
imax tickets alamo drafthouse,Entertainment
imax tickets amc,Entertainment
imax tickets at alamo drafthouse,Entertainment
imax tickets at amc,Entertainment
imax tickets at cinemark,Entertainment
imax tickets at fandango,Entertainment
imax tickets cinemark,Entertainment
imax tickets fandango,Entertainment
imax tickets marcus theatres,Entertainment
imax tickets regal,Entertainment
in game currency,Entertainment
in game currency at humble bundle,Entertainment
in game currency at itch.io,Entertainment
in game currency at nintendo eshop,Entertainment
in game currency at playstation store,Entertainment
in game currency epic games,Entertainment
in game currency humble bundle,Entertainment
in game currency nintendo eshop,Entertainment
in game currency steam,Entertainment
in game currency xbox,Entertainment
itch.io,Entertainment
itch.io bundle,Entertainment
itch.io dlc,Entertainment
itch.io expansion,Entertainment
itch.io game preorder,Entertainment
itch.io in game currency,Entertainment
itch.io new game,Entertainment
itunes,Entertainment
itunes digital rental,Entertainment
itunes movie purchase,Entertainment
itunes movie rental,Entertainment
itunes season pass,Entertainment
karaoke,Entertainment
laser tag,Entertainment
laser tag at bowlero,Entertainment
laser tag at dave & buster's,Entertainment
laser tag at round1,Entertainment
laser tag at topgolf,Entertainment
laser tag bowlero,Entertainment
laser tag chuck e. cheese,Entertainment
laser tag dave & buster's,Entertainment
laser tag main event,Entertainment
laser tag round1,Entertainment
live nation ballet tickets,Entertainment
live nation basketball tickets,Entertainment
live nation broadway tickets,Entertainment
live nation comedy show,Entertainment
live nation concert tickets,Entertainment
live nation festival tickets,Entertainment
live nation football tickets,Entertainment
live nation opera tickets,Entertainment
live nation playoff tickets,Entertainment
live nation show tickets,Entertainment
live nation tour tickets,Entertainment
magazine,Entertainment
main event,Entertainment
main event arcade games,Entertainment
main event axe throwing,Entertainment
main event batting cages,Entertainment
main event bowling,Entertainment
main event game credits,Entertainment
main event go karts,Entertainment
marcus theatres,Entertainment
marcus theatres concession stand,Entertainment
marcus theatres imax tickets,Entertainment
marcus theatres matinee,Entertainment
marcus theatres movie ticket,Entertainment
marcus theatres movie tickets,Entertainment
marcus theatres opening night tickets,Entertainment
marcus theatres popcorn and drinks,Entertainment
marcus theatres two movie tickets,Entertainment
matinee,Entertainment
matinee alamo drafthouse,Entertainment
matinee at cinemark,Entertainment
matinee at fandango,Entertainment
matinee regal,Entertainment
mini golf at bowlero,Entertainment
mini golf at main event,Entertainment
mini golf bowlero,Entertainment
mini golf chuck e. cheese,Entertainment
mini golf dave & buster's,Entertainment
mini golf round1,Entertainment
moma aquarium tickets,Entertainment
moma museum admission,Entertainment
moma planetarium,Entertainment
moma zoo tickets,Entertainment
movie purchase at google play,Entertainment
movie purchase at redbox,Entertainment
movie purchase google play,Entertainment
movie purchase itunes,Entertainment
movie purchase redbox,Entertainment
movie purchase vudu,Entertainment
movie rental,Entertainment
movie rental at google play,Entertainment
movie rental at vudu,Entertainment
movie rental google play,Entertainment
movie rental itunes,Entertainment
movie rental redbox,Entertainment
movie rental vudu,Entertainment
movie ticket,Entertainment
movie ticket alamo drafthouse,Entertainment
movie ticket cinemark,Entertainment
movie ticket fandango,Entertainment
movie ticket marcus theatres,Entertainment
movie ticket regal,Entertainment
movie tickets,Entertainment
movie tickets alamo drafthouse,Entertainment
movie tickets amc,Entertainment
movie tickets at amc,Entertainment
movie tickets at cinemark,Entertainment
movie tickets at fandango,Entertainment
movie tickets at marcus theatres,Entertainment
movie tickets cinemark,Entertainment
movie tickets fandango,Entertainment
movie tickets marcus theatres,Entertainment
movie tickets regal,Entertainment
museum admission,Entertainment
museum admission adler planetarium,Entertainment
museum admission at adler planetarium,Entertainment
museum admission at exploratorium,Entertainment
museum admission at field museum,Entertainment
museum admission at moma,Entertainment
museum admission field museum,Entertainment
museum admission moma,Entertainment
museum admission smithsonian,Entertainment
museum admission the met,Entertainment
new game at battle.net,Entertainment
new game at epic games,Entertainment
new game at gamestop,Entertainment
new game at humble bundle,Entertainment
new game at itch.io,Entertainment
new game at playstation store,Entertainment
new game battle.net,Entertainment
new game gamestop,Entertainment
new game itch.io,Entertainment
new game nintendo eshop,Entertainment
new game playstation store,Entertainment
new game steam,Entertainment
new game xbox,Entertainment
night out,Entertainment
nintendo eshop,Entertainment
nintendo eshop controller,Entertainment
nintendo eshop dlc,Entertainment
nintendo eshop in game currency,Entertainment
nintendo eshop video game,Entertainment
opening night tickets alamo drafthouse,Entertainment
opening night tickets amc,Entertainment
opening night tickets at alamo drafthouse,Entertainment
opening night tickets at cinemark,Entertainment
opening night tickets at marcus theatres,Entertainment
opening night tickets fandango,Entertainment
opening night tickets marcus theatres,Entertainment
opening night tickets regal,Entertainment
opera tickets,Entertainment
opera tickets at seatgeek,Entertainment
opera tickets at stubhub,Entertainment
opera tickets at vivid seats,Entertainment
opera tickets axs,Entertainment
opera tickets live nation,Entertainment
opera tickets seatgeek,Entertainment
opera tickets vivid seats,Entertainment
park admission,Entertainment
park admission at busch gardens,Entertainment
park admission at cedar point,Entertainment
park admission at disneyland,Entertainment
park admission at six flags,Entertainment
park admission busch gardens,Entertainment
park admission cedar point,Entertainment
park admission disneyland,Entertainment
park admission six flags,Entertainment
park admission universal studios,Entertainment
park parking,Entertainment
park parking at busch gardens,Entertainment
park parking at six flags,Entertainment
park parking at universal studios,Entertainment
park parking busch gardens,Entertainment
park parking cedar point,Entertainment
park parking disneyland,Entertainment
park parking sea world,Entertainment
park parking six flags,Entertainment
park parking universal studios,Entertainment
planetarium,Entertainment
planetarium adler planetarium,Entertainment
planetarium at adler planetarium,Entertainment
planetarium exploratorium,Entertainment
planetarium field museum,Entertainment
planetarium moma,Entertainment
planetarium smithsonian,Entertainment
planetarium the met,Entertainment
playoff tickets,Entertainment
playoff tickets at axs,Entertainment
playoff tickets at live nation,Entertainment
playoff tickets at seatgeek,Entertainment
playoff tickets at vivid seats,Entertainment
playoff tickets axs,Entertainment
playoff tickets live nation,Entertainment
playoff tickets seatgeek,Entertainment
playoff tickets stubhub,Entertainment
playoff tickets ticketmaster,Entertainment
playoff tickets vivid seats,Entertainment
playstation store,Entertainment
playstation store bundle,Entertainment
playstation store dlc,Entertainment
playstation store game pass,Entertainment
playstation store new game,Entertainment
playstation store video game,Entertainment
popcorn and drinks,Entertainment
popcorn and drinks alamo drafthouse,Entertainment
popcorn and drinks amc,Entertainment
popcorn and drinks at alamo drafthouse,Entertainment
popcorn and drinks at fandango,Entertainment
popcorn and drinks at marcus theatres,Entertainment
popcorn and drinks fandango,Entertainment
popcorn and drinks marcus theatres,Entertainment
popcorn and drinks regal,Entertainment
redbox digital rental,Entertainment
redbox movie purchase,Entertainment
redbox movie rental,Entertainment
redbox season pass,Entertainment
regal,Entertainment
regal 3d tickets,Entertainment
regal imax tickets,Entertainment
regal opening night tickets,Entertainment
regal popcorn and drinks,Entertainment
regal two movie tickets,Entertainment
round1,Entertainment
round1 axe throwing,Entertainment
round1 batting cages,Entertainment
round1 bowling,Entertainment
round1 escape room,Entertainment
round1 game credits,Entertainment
sea world,Entertainment
sea world day pass,Entertainment
sea world fast pass,Entertainment
sea world park admission,Entertainment
sea world park parking,Entertainment
sea world season pass,Entertainment
sea world theme park tickets,Entertainment
season pass,Entertainment
season pass at disneyland,Entertainment
season pass at google play,Entertainment
season pass at six flags,Entertainment
season pass busch gardens,Entertainment
season pass cedar point,Entertainment
season pass disneyland,Entertainment
season pass google play,Entertainment
season pass itunes,Entertainment
season pass redbox,Entertainment
season pass sea world,Entertainment
season pass six flags,Entertainment
season pass universal studios,Entertainment
season pass vudu,Entertainment
seatgeek basketball tickets,Entertainment
seatgeek concert tickets,Entertainment
seatgeek festival tickets,Entertainment
seatgeek football tickets,Entertainment
seatgeek opera tickets,Entertainment
seatgeek playoff tickets,Entertainment
seatgeek show tickets,Entertainment
seatgeek tour tickets,Entertainment
show tickets,Entertainment
show tickets at live nation,Entertainment
show tickets at seatgeek,Entertainment
show tickets at stubhub,Entertainment
show tickets axs,Entertainment
show tickets seatgeek,Entertainment
show tickets stubhub,Entertainment
show tickets ticketmaster,Entertainment
show tickets vivid seats,Entertainment
six flags,Entertainment
six flags day pass,Entertainment
six flags fast pass,Entertainment
six flags season pass,Entertainment
smithsonian,Entertainment
smithsonian aquarium tickets,Entertainment
smithsonian exhibit tickets,Entertainment
smithsonian gallery admission,Entertainment
smithsonian museum admission,Entertainment
smithsonian planetarium,Entertainment
sports game,Entertainment
steam,Entertainment
steam dlc,Entertainment
steam game pass,Entertainment
steam game preorder,Entertainment
steam in game currency,Entertainment
steam video game,Entertainment
stubhub,Entertainment
stubhub ballet tickets,Entertainment
stubhub baseball tickets,Entertainment
stubhub basketball tickets,Entertainment
stubhub broadway tickets,Entertainment
stubhub comedy show,Entertainment
stubhub festival tickets,Entertainment
stubhub football tickets,Entertainment
stubhub game tickets,Entertainment
stubhub theater tickets,Entertainment
stubhub tour tickets,Entertainment
the met aquarium tickets,Entertainment
the met exhibit tickets,Entertainment
the met gallery admission,Entertainment
the met museum admission,Entertainment
the met planetarium,Entertainment
the met zoo tickets,Entertainment
theater tickets,Entertainment
theater tickets at seatgeek,Entertainment
theater tickets at stubhub,Entertainment
theater tickets at ticketmaster,Entertainment
theater tickets seatgeek,Entertainment
theater tickets stubhub,Entertainment
theater tickets vivid seats,Entertainment
theme park tickets at busch gardens,Entertainment
theme park tickets at sea world,Entertainment
theme park tickets at six flags,Entertainment
theme park tickets at universal studios,Entertainment
theme park tickets busch gardens,Entertainment
theme park tickets cedar point,Entertainment
theme park tickets disneyland,Entertainment
theme park tickets sea world,Entertainment
theme park tickets six flags,Entertainment
theme park tickets universal studios,Entertainment
ticketmaster,Entertainment
ticketmaster baseball tickets,Entertainment
ticketmaster basketball tickets,Entertainment
ticketmaster broadway tickets,Entertainment
ticketmaster concert tickets,Entertainment
ticketmaster festival tickets,Entertainment
ticketmaster football tickets,Entertainment
ticketmaster game tickets,Entertainment
ticketmaster hockey tickets,Entertainment
ticketmaster tour tickets,Entertainment
topgolf arcade games,Entertainment
topgolf batting cages,Entertainment
topgolf game credits,Entertainment
topgolf go karts,Entertainment
topgolf laser tag,Entertainment
tour tickets,Entertainment
tour tickets at axs,Entertainment
tour tickets at live nation,Entertainment
tour tickets at seatgeek,Entertainment
tour tickets at stubhub,Entertainment
tour tickets at ticketmaster,Entertainment
tour tickets seatgeek,Entertainment
tour tickets stubhub,Entertainment
tour tickets ticketmaster,Entertainment
tour tickets vivid seats,Entertainment
trivia night,Entertainment
two movie tickets alamo drafthouse,Entertainment
two movie tickets amc,Entertainment
two movie tickets at alamo drafthouse,Entertainment
two movie tickets at fandango,Entertainment
two movie tickets at marcus theatres,Entertainment
two movie tickets at regal,Entertainment
two movie tickets cinemark,Entertainment
two movie tickets regal,Entertainment
universal studios,Entertainment
universal studios fast pass,Entertainment
universal studios season pass,Entertainment
universal studios theme park tickets,Entertainment
video game,Entertainment
video game at epic games,Entertainment
video game at itch.io,Entertainment
video game at steam,Entertainment
video game at xbox,Entertainment
video game battle.net,Entertainment
video game gamestop,Entertainment
video game humble bundle,Entertainment
video game itch.io,Entertainment
video game nintendo eshop,Entertainment
video game playstation store,Entertainment
video game steam,Entertainment
video game xbox,Entertainment
vinyl record,Entertainment
vivid seats,Entertainment
vivid seats ballet tickets,Entertainment
vivid seats baseball tickets,Entertainment
vivid seats broadway tickets,Entertainment
vivid seats comedy show,Entertainment
vivid seats festival tickets,Entertainment
vivid seats game tickets,Entertainment
vivid seats hockey tickets,Entertainment
vivid seats opera tickets,Entertainment
vivid seats playoff tickets,Entertainment
vivid seats show tickets,Entertainment
vivid seats theater tickets,Entertainment
vivid seats tour tickets,Entertainment
vudu digital rental,Entertainment
vudu season pass,Entertainment
xbox,Entertainment
xbox bundle,Entertainment
xbox dlc,Entertainment
xbox expansion,Entertainment
xbox game pass,Entertainment
xbox in game currency,Entertainment
xbox video game,Entertainment
zoo tickets adler planetarium,Entertainment
zoo tickets at adler planetarium,Entertainment
zoo tickets at exploratorium,Entertainment
zoo tickets at field museum,Entertainment
zoo tickets at the met,Entertainment
zoo tickets exploratorium,Entertainment
zoo tickets field museum,Entertainment
zoo tickets moma,Entertainment
zoo tickets the met,Entertainment
1-800-flowers,Social Life
1-800-flowers anniversary gift,Social Life
1-800-flowers baby shower gift,Social Life
1-800-flowers birthday gift,Social Life
1-800-flowers bouquet,Social Life
1-800-flowers christmas gifts,Social Life
1-800-flowers flowers,Social Life
1-800-flowers gift card,Social Life
1-800-flowers graduation gift,Social Life
1-800-flowers greeting card,Social Life
1-800-flowers holiday gift,Social Life
1-800-flowers housewarming gift,Social Life
1-800-flowers thank you gift,Social Life
1-800-flowers wedding gift,Social Life
a round of drinks,Social Life
a round of drinks at brewery,Social Life
a round of drinks at cocktail bar,Social Life
a round of drinks at sports bar,Social Life
a round of drinks at taproom,Social Life
a round of drinks at wine bar,Social Life
a round of drinks beer garden,Social Life
a round of drinks brewery,Social Life
a round of drinks cocktail bar,Social Life
a round of drinks speakeasy,Social Life
a round of drinks sports bar,Social Life
a round of drinks taproom,Social Life
a round of drinks the local pub,Social Life
a round of drinks wine bar,Social Life
abc fine wine,Social Life
abc fine wine bottle of wine,Social Life
abc fine wine case of beer,Social Life
abc fine wine champagne,Social Life
abc fine wine hard seltzer,Social Life
abc fine wine liquor,Social Life
abc fine wine six pack,Social Life
abc fine wine tequila,Social Life
abc fine wine vodka,Social Life
abc fine wine whiskey,Social Life
anniversary gift,Social Life
anniversary gift 1-800-flowers,Social Life
anniversary gift at 1-800-flowers,Social Life
anniversary gift at bath & body works,Social Life
anniversary gift at edible arrangements,Social Life
anniversary gift at etsy,Social Life
anniversary gift at papyrus,Social Life
anniversary gift at sephora,Social Life
anniversary gift bath & body works,Social Life
anniversary gift edible arrangements,Social Life
anniversary gift etsy,Social Life
anniversary gift hallmark,Social Life
anniversary gift papyrus,Social Life
anniversary gift sephora,Social Life
anniversary gift yankee candle,Social Life
baby shower gift 1-800-flowers,Social Life
baby shower gift at 1-800-flowers,Social Life
baby shower gift at bath & body works,Social Life
baby shower gift at etsy,Social Life
baby shower gift at hallmark,Social Life
baby shower gift at papyrus,Social Life
baby shower gift at sephora,Social Life
baby shower gift bath & body works,Social Life
baby shower gift edible arrangements,Social Life
baby shower gift etsy,Social Life
baby shower gift hallmark,Social Life
baby shower gift papyrus,Social Life
baby shower gift sephora,Social Life
baby shower gift yankee candle,Social Life
bachelor party,Social Life
bachelorette party,Social Life
balloons,Social Life
balloons at michaels,Social Life
balloons at oriental trading,Social Life
balloons at party city,Social Life
balloons michaels,Social Life
balloons oriental trading,Social Life
balloons party city,Social Life
banner,Social Life
banner at oriental trading,Social Life
banner at party city,Social Life
banner michaels,Social Life
banner oriental trading,Social Life
banner party city,Social Life
bar tab,Social Life
bar tab at beer garden,Social Life
bar tab at brewery,Social Life
bar tab at cocktail bar,Social Life
bar tab at speakeasy,Social Life
bar tab at sports bar,Social Life
bar tab at the local pub,Social Life
bar tab beer garden,Social Life
bar tab brewery,Social Life
bar tab cocktail bar,Social Life
bar tab speakeasy,Social Life
bar tab sports bar,Social Life
bar tab taproom,Social Life
bar tab the local pub,Social Life
bar tab wine bar,Social Life
bath & body works,Social Life
bath & body works anniversary gift,Social Life
bath & body works birthday gift,Social Life
bath & body works bouquet,Social Life
bath & body works christmas gifts,Social Life
bath & body works flowers,Social Life
bath & body works gift card,Social Life
bath & body works graduation gift,Social Life
bath & body works greeting card,Social Life
bath & body works holiday gift,Social Life
bath & body works housewarming gift,Social Life
bath & body works thank you gift,Social Life
beer garden,Social Life
beer garden a round of drinks,Social Life
beer garden bar tab,Social Life
beer garden beers,Social Life
beer garden bottle service,Social Life
beer garden club cover,Social Life
beer garden cover charge,Social Life
beer garden drinks,Social Life
beer garden drinks with friends,Social Life
beer garden happy hour,Social Life
beer garden nightcap,Social Life
beer garden pitcher,Social Life
beers,Social Life
beers at beer garden,Social Life
beers at cocktail bar,Social Life
beers at sports bar,Social Life
beers at taproom,Social Life
beers at the local pub,Social Life
beers at wine bar,Social Life
beers beer garden,Social Life
beers brewery,Social Life
beers cocktail bar,Social Life
beers speakeasy,Social Life
beers sports bar,Social Life
beers taproom,Social Life
beers the local pub,Social Life
beers wine bar,Social Life
bevmo,Social Life
bevmo bottle of wine,Social Life
bevmo case of beer,Social Life
bevmo champagne,Social Life
bevmo hard seltzer,Social Life
bevmo liquor,Social Life
bevmo six pack,Social Life
bevmo tequila,Social Life
bevmo whiskey,Social Life
bevmo wine,Social Life
binny's,Social Life
binny's bottle of wine,Social Life
binny's case of beer,Social Life
binny's liquor,Social Life
binny's six pack,Social Life
binny's tequila,Social Life
binny's vodka,Social Life
binny's whiskey,Social Life
binny's wine,Social Life
birthday dinner,Social Life
birthday gift,Social Life
birthday gift 1-800-flowers,Social Life
birthday gift at 1-800-flowers,Social Life
birthday gift at bath & body works,Social Life
birthday gift at edible arrangements,Social Life
birthday gift at etsy,Social Life
birthday gift at hallmark,Social Life
birthday gift at papyrus,Social Life
birthday gift at sephora,Social Life
birthday gift bath & body works,Social Life
birthday gift etsy,Social Life
birthday gift hallmark,Social Life
birthday gift papyrus,Social Life
birthday gift sephora,Social Life
birthday gift yankee candle,Social Life
bottle of wine,Social Life
bottle of wine abc fine wine,Social Life
bottle of wine at abc fine wine,Social Life
bottle of wine at bevmo,Social Life
bottle of wine at binny's,Social Life
bottle of wine at liquor barn,Social Life
bottle of wine at spec's,Social Life
bottle of wine at total wine,Social Life
bottle of wine bevmo,Social Life
bottle of wine binny's,Social Life
bottle of wine liquor barn,Social Life
bottle of wine spec's,Social Life
bottle of wine total wine,Social Life
bottle service,Social Life
bottle service at beer garden,Social Life
bottle service at brewery,Social Life
bottle service at cocktail bar,Social Life
bottle service at speakeasy,Social Life
bottle service at sports bar,Social Life
bottle service at the local pub,Social Life
bottle service at wine bar,Social Life
bottle service beer garden,Social Life
bottle service brewery,Social Life
bottle service cocktail bar,Social Life
bottle service speakeasy,Social Life
bottle service sports bar,Social Life
bottle service taproom,Social Life
bottle service the local pub,Social Life
bottle service wine bar,Social Life
bouquet,Social Life
bouquet 1-800-flowers,Social Life
bouquet at 1-800-flowers,Social Life
bouquet at bath & body works,Social Life
bouquet at edible arrangements,Social Life
bouquet at etsy,Social Life
bouquet at hallmark,Social Life
bouquet at papyrus,Social Life
bouquet at sephora,Social Life
bouquet bath & body works,Social Life
bouquet edible arrangements,Social Life
bouquet etsy,Social Life
bouquet hallmark,Social Life
bouquet papyrus,Social Life
bouquet sephora,Social Life
bouquet yankee candle,Social Life
brewery a round of drinks,Social Life
brewery beers,Social Life
brewery bottle service,Social Life
brewery cocktails,Social Life
brewery cover charge,Social Life
brewery drinks with friends,Social Life
brewery happy hour,Social Life
brewery nightcap,Social Life
brewery pitcher,Social Life
cake for the party,Social Life
cake for the party at oriental trading,Social Life
cake for the party michaels,Social Life
cake for the party oriental trading,Social Life
cake for the party party city,Social Life
case of beer,Social Life
case of beer abc fine wine,Social Life
case of beer at abc fine wine,Social Life
case of beer at binny's,Social Life
case of beer at liquor barn,Social Life
case of beer at spec's,Social Life
case of beer at total wine,Social Life
case of beer bevmo,Social Life
case of beer liquor barn,Social Life
case of beer spec's,Social Life
case of beer total wine,Social Life
champagne,Social Life
champagne abc fine wine,Social Life
champagne at abc fine wine,Social Life
champagne at bevmo,Social Life
champagne at binny's,Social Life
champagne at liquor barn,Social Life
champagne at total wine,Social Life
champagne bevmo,Social Life
champagne binny's,Social Life
champagne liquor barn,Social Life
champagne spec's,Social Life
champagne total wine,Social Life
christmas gifts,Social Life
christmas gifts at bath & body works,Social Life
christmas gifts at edible arrangements,Social Life
christmas gifts at etsy,Social Life
christmas gifts at hallmark,Social Life
christmas gifts at papyrus,Social Life
christmas gifts at sephora,Social Life
christmas gifts bath & body works,Social Life
christmas gifts edible arrangements,Social Life
christmas gifts etsy,Social Life
christmas gifts hallmark,Social Life
christmas gifts papyrus,Social Life
christmas gifts sephora,Social Life
christmas gifts yankee candle,Social Life
club cover,Social Life
club cover at beer garden,Social Life
club cover at brewery,Social Life
club cover at cocktail bar,Social Life
club cover at speakeasy,Social Life
club cover at sports bar,Social Life
club cover at wine bar,Social Life
club cover beer garden,Social Life
club cover brewery,Social Life
club cover cocktail bar,Social Life
club cover speakeasy,Social Life
club cover sports bar,Social Life
club cover taproom,Social Life
club cover the local pub,Social Life
club cover wine bar,Social Life
cocktail bar,Social Life
cocktail bar a round of drinks,Social Life
cocktail bar bar tab,Social Life
cocktail bar beers,Social Life
cocktail bar bottle service,Social Life
cocktail bar club cover,Social Life
cocktail bar cocktails,Social Life
cocktail bar drinks,Social Life
cocktail bar drinks with friends,Social Life
cocktail bar happy hour,Social Life
cocktail bar nightcap,Social Life
cocktail bar pitcher,Social Life
cocktails,Social Life
cocktails at beer garden,Social Life
cocktails at cocktail bar,Social Life
cocktails at speakeasy,Social Life
cocktails at sports bar,Social Life
cocktails at taproom,Social Life
cocktails at wine bar,Social Life
cocktails beer garden,Social Life
cocktails brewery,Social Life
cocktails cocktail bar,Social Life
cocktails speakeasy,Social Life
cocktails sports bar,Social Life
cocktails taproom,Social Life
cocktails the local pub,Social Life
cocktails wine bar,Social Life
coffee with a friend,Social Life
cover charge,Social Life
cover charge at brewery,Social Life
cover charge at cocktail bar,Social Life
cover charge at speakeasy,Social Life
cover charge at sports bar,Social Life
cover charge at taproom,Social Life
cover charge at the local pub,Social Life
cover charge at wine bar,Social Life
cover charge beer garden,Social Life
cover charge brewery,Social Life
cover charge cocktail bar,Social Life
cover charge speakeasy,Social Life
cover charge sports bar,Social Life
cover charge taproom,Social Life
cover charge the local pub,Social Life
cover charge wine bar,Social Life
date night,Social Life
decorations,Social Life
decorations at michaels,Social Life
decorations at oriental trading,Social Life
decorations michaels,Social Life
decorations oriental trading,Social Life
decorations party city,Social Life
dinner date,Social Life
drinks,Social Life
drinks at beer garden,Social Life
drinks at brewery,Social Life
drinks at cocktail bar,Social Life
drinks at speakeasy,Social Life
drinks at the local pub,Social Life
drinks at wine bar,Social Life
drinks beer garden,Social Life
drinks brewery,Social Life
drinks cocktail bar,Social Life
drinks speakeasy,Social Life
drinks sports bar,Social Life
drinks taproom,Social Life
drinks the local pub,Social Life
drinks wine bar,Social Life
drinks with friends,Social Life
drinks with friends at brewery,Social Life
drinks with friends at cocktail bar,Social Life
drinks with friends at speakeasy,Social Life
drinks with friends at sports bar,Social Life
drinks with friends at taproom,Social Life
drinks with friends at the local pub,Social Life
drinks with friends at wine bar,Social Life
drinks with friends beer garden,Social Life
drinks with friends brewery,Social Life
drinks with friends cocktail bar,Social Life
drinks with friends speakeasy,Social Life
drinks with friends sports bar,Social Life
drinks with friends taproom,Social Life
drinks with friends the local pub,Social Life
drinks with friends wine bar,Social Life
edible arrangements,Social Life
edible arrangements anniversary gift,Social Life
edible arrangements baby shower gift,Social Life
edible arrangements birthday gift,Social Life
edible arrangements bouquet,Social Life
edible arrangements christmas gifts,Social Life
edible arrangements flowers,Social Life
edible arrangements gift card,Social Life
edible arrangements graduation gift,Social Life
edible arrangements greeting card,Social Life
edible arrangements holiday gift,Social Life
edible arrangements housewarming gift,Social Life
edible arrangements thank you gift,Social Life
edible arrangements wedding gift,Social Life
etsy,Social Life
etsy anniversary gift,Social Life
etsy baby shower gift,Social Life
etsy birthday gift,Social Life
etsy bouquet,Social Life
etsy christmas gifts,Social Life
etsy flowers,Social Life
etsy gift card,Social Life
etsy graduation gift,Social Life
etsy greeting card,Social Life
etsy housewarming gift,Social Life
etsy thank you gift,Social Life
etsy wedding gift,Social Life
flowers,Social Life
flowers 1-800-flowers,Social Life
flowers at 1-800-flowers,Social Life
flowers at bath & body works,Social Life
flowers at edible arrangements,Social Life
flowers at etsy,Social Life
flowers at papyrus,Social Life
flowers at yankee candle,Social Life
flowers edible arrangements,Social Life
flowers etsy,Social Life
flowers hallmark,Social Life
flowers papyrus,Social Life
flowers sephora,Social Life
flowers yankee candle,Social Life
game night snacks,Social Life
gift card,Social Life
gift card 1-800-flowers,Social Life
gift card at 1-800-flowers,Social Life
gift card at edible arrangements,Social Life
gift card at etsy,Social Life
gift card at hallmark,Social Life
gift card at papyrus,Social Life
gift card at yankee candle,Social Life
gift card bath & body works,Social Life
gift card etsy,Social Life
gift card papyrus,Social Life
gift card sephora,Social Life
gift card yankee candle,Social Life
graduation gift,Social Life
graduation gift 1-800-flowers,Social Life
graduation gift at 1-800-flowers,Social Life
graduation gift at bath & body works,Social Life
graduation gift at edible arrangements,Social Life
graduation gift at hallmark,Social Life
graduation gift at sephora,Social Life
graduation gift at yankee candle,Social Life
graduation gift bath & body works,Social Life
graduation gift etsy,Social Life
graduation gift papyrus,Social Life
graduation gift sephora,Social Life
graduation gift yankee candle,Social Life
greeting card,Social Life
greeting card 1-800-flowers,Social Life
greeting card at 1-800-flowers,Social Life
greeting card at bath & body works,Social Life
greeting card at edible arrangements,Social Life
greeting card at etsy,Social Life
greeting card at papyrus,Social Life
greeting card at sephora,Social Life
greeting card at yankee candle,Social Life
greeting card bath & body works,Social Life
greeting card edible arrangements,Social Life
greeting card etsy,Social Life
greeting card hallmark,Social Life
greeting card papyrus,Social Life
greeting card sephora,Social Life
greeting card yankee candle,Social Life
group gift,Social Life
hallmark,Social Life
hallmark baby shower gift,Social Life
hallmark birthday gift,Social Life
hallmark bouquet,Social Life
hallmark christmas gifts,Social Life
hallmark flowers,Social Life
hallmark gift card,Social Life
hallmark graduation gift,Social Life
hallmark greeting card,Social Life
hallmark holiday gift,Social Life
hallmark housewarming gift,Social Life
hallmark thank you gift,Social Life
hallmark wedding gift,Social Life
happy hour,Social Life
happy hour at brewery,Social Life
happy hour at cocktail bar,Social Life
happy hour at taproom,Social Life
happy hour at the local pub,Social Life
happy hour beer garden,Social Life
happy hour brewery,Social Life
happy hour cocktail bar,Social Life
happy hour speakeasy,Social Life
happy hour sports bar,Social Life
happy hour taproom,Social Life
happy hour the local pub,Social Life
happy hour wine bar,Social Life
hard seltzer,Social Life
hard seltzer abc fine wine,Social Life
hard seltzer at bevmo,Social Life
hard seltzer at binny's,Social Life
hard seltzer at liquor barn,Social Life
hard seltzer at spec's,Social Life
hard seltzer at total wine,Social Life
hard seltzer bevmo,Social Life
hard seltzer binny's,Social Life
hard seltzer liquor barn,Social Life
hard seltzer spec's,Social Life
hard seltzer total wine,Social Life
holiday gift,Social Life
holiday gift at 1-800-flowers,Social Life
holiday gift at bath & body works,Social Life
holiday gift at edible arrangements,Social Life
holiday gift at etsy,Social Life
holiday gift at hallmark,Social Life
holiday gift at papyrus,Social Life
holiday gift at yankee candle,Social Life
holiday gift bath & body works,Social Life
holiday gift edible arrangements,Social Life
holiday gift etsy,Social Life
holiday gift hallmark,Social Life
holiday gift papyrus,Social Life
holiday gift sephora,Social Life
holiday gift yankee candle,Social Life
housewarming gift,Social Life
housewarming gift 1-800-flowers,Social Life
housewarming gift at 1-800-flowers,Social Life
housewarming gift at bath & body works,Social Life
housewarming gift at edible arrangements,Social Life
housewarming gift at etsy,Social Life
housewarming gift at hallmark,Social Life
housewarming gift at papyrus,Social Life
housewarming gift at sephora,Social Life
housewarming gift bath & body works,Social Life
housewarming gift etsy,Social Life
housewarming gift hallmark,Social Life
housewarming gift papyrus,Social Life
housewarming gift sephora,Social Life
housewarming gift yankee candle,Social Life
liquor,Social Life
liquor abc fine wine,Social Life
liquor at abc fine wine,Social Life
liquor at bevmo,Social Life
liquor at binny's,Social Life
liquor at spec's,Social Life
liquor at total wine,Social Life
liquor barn,Social Life
liquor barn bottle of wine,Social Life
liquor barn case of beer,Social Life
liquor barn champagne,Social Life
liquor barn hard seltzer,Social Life
liquor barn six pack,Social Life
liquor barn tequila,Social Life
liquor barn vodka,Social Life
liquor barn whiskey,Social Life
liquor bevmo,Social Life
liquor binny's,Social Life
liquor liquor barn,Social Life
liquor spec's,Social Life
liquor total wine,Social Life
michaels,Social Life
michaels balloons,Social Life
michaels banner,Social Life
michaels decorations,Social Life
michaels party favors,Social Life
michaels party supplies,Social Life
michaels tableware,Social Life
night out with friends,Social Life
nightcap,Social Life
nightcap at beer garden,Social Life
nightcap at brewery,Social Life
nightcap at cocktail bar,Social Life
nightcap at speakeasy,Social Life
nightcap at sports bar,Social Life
nightcap at taproom,Social Life
nightcap at the local pub,Social Life
nightcap beer garden,Social Life
nightcap cocktail bar,Social Life
nightcap speakeasy,Social Life
nightcap sports bar,Social Life
nightcap taproom,Social Life
nightcap the local pub,Social Life
nightcap wine bar,Social Life
office party contribution,Social Life
oriental trading,Social Life
oriental trading banner,Social Life
oriental trading cake for the party,Social Life
oriental trading decorations,Social Life
oriental trading party favors,Social Life
oriental trading party supplies,Social Life
oriental trading tableware,Social Life
papyrus,Social Life
papyrus anniversary gift,Social Life
papyrus birthday gift,Social Life
papyrus bouquet,Social Life
papyrus christmas gifts,Social Life
papyrus flowers,Social Life
papyrus gift card,Social Life
papyrus graduation gift,Social Life
papyrus greeting card,Social Life
papyrus holiday gift,Social Life
papyrus housewarming gift,Social Life
papyrus thank you gift,Social Life
papyrus wedding gift,Social Life
party city,Social Life
party city balloons,Social Life
party city banner,Social Life
party city cake for the party,Social Life
party city decorations,Social Life
party city party favors,Social Life
party city party supplies,Social Life
party city tableware,Social Life
party favors,Social Life
party favors at michaels,Social Life
party favors at oriental trading,Social Life
party favors at party city,Social Life
party favors michaels,Social Life
party favors oriental trading,Social Life
party favors party city,Social Life
party supplies,Social Life
party supplies at michaels,Social Life
party supplies at oriental trading,Social Life
party supplies michaels,Social Life
party supplies oriental trading,Social Life
party supplies party city,Social Life
pitcher,Social Life
pitcher at beer garden,Social Life
pitcher at brewery,Social Life
pitcher at cocktail bar,Social Life
pitcher at speakeasy,Social Life
pitcher at taproom,Social Life
pitcher at the local pub,Social Life
pitcher at wine bar,Social Life
pitcher beer garden,Social Life
pitcher brewery,Social Life
pitcher cocktail bar,Social Life
pitcher speakeasy,Social Life
pitcher sports bar,Social Life
pitcher taproom,Social Life
pitcher the local pub,Social Life
pitcher wine bar,Social Life
potluck contribution,Social Life
sephora,Social Life
sephora anniversary gift,Social Life
sephora baby shower gift,Social Life
sephora birthday gift,Social Life
sephora bouquet,Social Life
sephora christmas gifts,Social Life
sephora flowers,Social Life
sephora gift card,Social Life
sephora graduation gift,Social Life
sephora greeting card,Social Life
sephora housewarming gift,Social Life
sephora thank you gift,Social Life
sephora wedding gift,Social Life
six pack,Social Life
six pack abc fine wine,Social Life
six pack at abc fine wine,Social Life
six pack at binny's,Social Life
six pack at liquor barn,Social Life
six pack at spec's,Social Life
six pack at total wine,Social Life
six pack bevmo,Social Life
six pack binny's,Social Life
six pack liquor barn,Social Life
six pack spec's,Social Life
six pack total wine,Social Life
speakeasy a round of drinks,Social Life
speakeasy bar tab,Social Life
speakeasy beers,Social Life
speakeasy bottle service,Social Life
speakeasy club cover,Social Life
speakeasy cocktails,Social Life
speakeasy drinks,Social Life
speakeasy drinks with friends,Social Life
speakeasy happy hour,Social Life
speakeasy nightcap,Social Life
speakeasy pitcher,Social Life
spec's,Social Life
spec's bottle of wine,Social Life
spec's champagne,Social Life
spec's hard seltzer,Social Life
spec's liquor,Social Life
spec's six pack,Social Life
spec's tequila,Social Life
spec's whiskey,Social Life
sports bar,Social Life
sports bar a round of drinks,Social Life
sports bar bar tab,Social Life
sports bar beers,Social Life
sports bar bottle service,Social Life
sports bar club cover,Social Life
sports bar cover charge,Social Life
sports bar drinks,Social Life
sports bar drinks with friends,Social Life
sports bar happy hour,Social Life
sports bar nightcap,Social Life
sports bar pitcher,Social Life
tableware at oriental trading,Social Life
tableware at party city,Social Life
tableware michaels,Social Life
tableware oriental trading,Social Life
tableware party city,Social Life
taproom,Social Life
taproom a round of drinks,Social Life
taproom bar tab,Social Life
taproom beers,Social Life
taproom bottle service,Social Life
taproom cocktails,Social Life
taproom cover charge,Social Life
taproom drinks,Social Life
taproom happy hour,Social Life
taproom nightcap,Social Life
taproom pitcher,Social Life
tequila,Social Life
tequila abc fine wine,Social Life
tequila at abc fine wine,Social Life
tequila at bevmo,Social Life
tequila at binny's,Social Life
tequila at total wine,Social Life
tequila binny's,Social Life
tequila liquor barn,Social Life
tequila spec's,Social Life
tequila total wine,Social Life
thank you gift 1-800-flowers,Social Life
thank you gift at etsy,Social Life
thank you gift at hallmark,Social Life
thank you gift at yankee candle,Social Life
thank you gift bath & body works,Social Life
thank you gift edible arrangements,Social Life
thank you gift etsy,Social Life
thank you gift hallmark,Social Life
thank you gift papyrus,Social Life
thank you gift sephora,Social Life
thank you gift yankee candle,Social Life
the local pub,Social Life
the local pub a round of drinks,Social Life
the local pub bar tab,Social Life
the local pub beers,Social Life
the local pub club cover,Social Life
the local pub drinks,Social Life
the local pub drinks with friends,Social Life
the local pub happy hour,Social Life
the local pub pitcher,Social Life
total wine,Social Life
total wine bottle of wine,Social Life
total wine case of beer,Social Life
total wine hard seltzer,Social Life
total wine liquor,Social Life
total wine six pack,Social Life
total wine tequila,Social Life
total wine vodka,Social Life
total wine whiskey,Social Life
total wine wine,Social Life
vodka,Social Life
vodka abc fine wine,Social Life
vodka at binny's,Social Life
vodka at liquor barn,Social Life
vodka at spec's,Social Life
vodka at total wine,Social Life
vodka bevmo,Social Life
vodka binny's,Social Life
vodka liquor barn,Social Life
vodka spec's,Social Life
wedding contribution,Social Life
wedding gift,Social Life
wedding gift 1-800-flowers,Social Life
wedding gift at 1-800-flowers,Social Life
wedding gift at bath & body works,Social Life
wedding gift at hallmark,Social Life
wedding gift at papyrus,Social Life
wedding gift at sephora,Social Life
wedding gift at yankee candle,Social Life
wedding gift bath & body works,Social Life
wedding gift edible arrangements,Social Life
wedding gift etsy,Social Life
wedding gift papyrus,Social Life
wedding gift sephora,Social Life
wedding gift yankee candle,Social Life
whiskey,Social Life
whiskey at abc fine wine,Social Life
whiskey at liquor barn,Social Life
whiskey at spec's,Social Life
whiskey at total wine,Social Life
whiskey binny's,Social Life
whiskey liquor barn,Social Life
whiskey spec's,Social Life
whiskey total wine,Social Life
wine,Social Life
wine abc fine wine,Social Life
wine at spec's,Social Life
wine at total wine,Social Life
wine bar,Social Life
wine bar a round of drinks,Social Life
wine bar bar tab,Social Life
wine bar beers,Social Life
wine bar bottle service,Social Life
wine bar club cover,Social Life
wine bar drinks,Social Life
wine bar drinks with friends,Social Life
wine bar happy hour,Social Life
wine bar nightcap,Social Life
wine bar pitcher,Social Life
wine bevmo,Social Life
wine binny's,Social Life
wine liquor barn,Social Life
wine spec's,Social Life
wine total wine,Social Life
yankee candle,Social Life
yankee candle anniversary gift,Social Life
yankee candle baby shower gift,Social Life
yankee candle birthday gift,Social Life
yankee candle bouquet,Social Life
yankee candle christmas gifts,Social Life
yankee candle flowers,Social Life
yankee candle gift card,Social Life
yankee candle graduation gift,Social Life
yankee candle holiday gift,Social Life
yankee candle housewarming gift,Social Life
yankee candle thank you gift,Social Life
yankee candle wedding gift,Social Life
additional driver fee at avis,Tourism
additional driver fee at sixt,Tourism
additional driver fee at turo,Tourism
additional driver fee avis,Tourism
additional driver fee budget rent a car,Tourism
additional driver fee enterprise,Tourism
additional driver fee turo,Tourism
airbnb,Tourism
airbnb airbnb stay,Tourism
airbnb extra night,Tourism
airbnb resort fee,Tourism
airbnb room deposit,Tourism
airbnb stay,Tourism
airbnb stay airbnb,Tourism
airbnb stay at airbnb,Tourism
airbnb stay at best western,Tourism
airbnb stay at la quinta,Tourism
airbnb stay at marriott,Tourism
airbnb stay at vrbo,Tourism
airbnb stay best western,Tourism
airbnb stay four seasons,Tourism
airbnb stay hilton,Tourism
airbnb stay holiday inn,Tourism
airbnb stay hostelworld,Tourism
airbnb stay hyatt,Tourism
airbnb stay la quinta,Tourism
airbnb stay marriott,Tourism
airbnb stay ritz-carlton,Tourism
airbnb stay vrbo,Tourism
airbnb two nights at the hotel,Tourism
airbnb vacation rental,Tourism
airport food,Tourism
airport parking,Tourism
alaska airlines,Tourism
alaska airlines baggage fee,Tourism
alaska airlines checked bag,Tourism
alaska airlines early boarding,Tourism
alaska airlines flight,Tourism
alaska airlines flight change fee,Tourism
alaska airlines flight home,Tourism
alaska airlines one way flight,Tourism
alaska airlines plane ticket,Tourism
alaska airlines seat upgrade,Tourism
american airlines checked bag,Tourism
american airlines early boarding,Tourism
american airlines flight,Tourism
american airlines flight change fee,Tourism
american airlines one way flight,Tourism
american airlines plane ticket,Tourism
american airlines round trip flight,Tourism
american airlines seat upgrade,Tourism
annual pass,Tourism
annual pass at clear,Tourism
annual pass at global entry,Tourism
annual pass at national park service,Tourism
annual pass at tsa precheck,Tourism
annual pass clear,Tourism
annual pass global entry,Tourism
annual pass national park service,Tourism
annual pass tsa precheck,Tourism
application fee,Tourism
application fee at clear,Tourism
application fee at national park service,Tourism
application fee at tsa precheck,Tourism
application fee clear,Tourism
application fee global entry,Tourism
application fee tsa precheck,Tourism
avis,Tourism
avis car rental,Tourism
avis car rental insurance,Tourism
avis one way drop off,Tourism
baggage fee,Tourism
baggage fee alaska airlines,Tourism
baggage fee at alaska airlines,Tourism
baggage fee at american airlines,Tourism
baggage fee at frontier,Tourism
baggage fee at jetblue,Tourism
baggage fee at southwest,Tourism
baggage fee at united,Tourism
baggage fee delta,Tourism
baggage fee frontier,Tourism
baggage fee hawaiian airlines,Tourism
baggage fee jetblue,Tourism
baggage fee spirit,Tourism
beach chairs,Tourism
best western,Tourism
best western extra night,Tourism
best western hotel,Tourism
best western late checkout,Tourism
best western resort fee,Tourism
best western vacation rental,Tourism
boat tour,Tourism
boat tour at booking.com,Tourism
boat tour at expedia,Tourism
boat tour at getyourguide,Tourism
boat tour at kayak,Tourism
boat tour at priceline,Tourism
boat tour at viator,Tourism
boat tour booking.com,Tourism
boat tour expedia,Tourism
boat tour getyourguide,Tourism
boat tour hotels.com,Tourism
boat tour kayak,Tourism
boat tour priceline,Tourism
boat tour viator,Tourism
booking.com,Tourism
booking.com boat tour,Tourism
booking.com day trip,Tourism
booking.com excursion,Tourism
booking.com guided tour,Tourism
booking.com tour booking,Tourism
booking.com trip booking,Tourism
booking.com walking tour,Tourism
budget rent a car,Tourism
budget rent a car additional driver fee,Tourism
budget rent a car car rental,Tourism
budget rent a car car rental insurance,Tourism
budget rent a car rental car gas,Tourism
car rental,Tourism
car rental at enterprise,Tourism
car rental at hertz,Tourism
car rental at turo,Tourism
car rental avis,Tourism
car rental budget rent a car,Tourism
car rental enterprise,Tourism
car rental hertz,Tourism
car rental insurance,Tourism
car rental insurance at hertz,Tourism
car rental insurance at sixt,Tourism
car rental insurance at turo,Tourism
car rental insurance avis,Tourism
car rental insurance budget rent a car,Tourism
car rental insurance enterprise,Tourism
car rental insurance sixt,Tourism
car rental insurance turo,Tourism
car rental sixt,Tourism
car rental turo,Tourism
checked bag alaska airlines,Tourism
checked bag american airlines,Tourism
checked bag at alaska airlines,Tourism
checked bag at american airlines,Tourism
checked bag at delta,Tourism
checked bag at jetblue,Tourism
checked bag delta,Tourism
checked bag frontier,Tourism
checked bag jetblue,Tourism
checked bag southwest,Tourism
checked bag spirit,Tourism
checked bag united,Tourism
checked luggage,Tourism
clear,Tourism
clear annual pass,Tourism
clear application fee,Tourism
clear global entry,Tourism
clear park entrance fee,Tourism
clear tsa precheck,Tourism
cruise deposit,Tourism
day trip,Tourism
day trip at booking.com,Tourism
day trip at expedia,Tourism
day trip at getyourguide,Tourism
day trip at hotels.com,Tourism
day trip at kayak,Tourism
day trip at viator,Tourism
day trip booking.com,Tourism
day trip expedia,Tourism
day trip getyourguide,Tourism
day trip hotels.com,Tourism
day trip kayak,Tourism
day trip priceline,Tourism
day trip viator,Tourism
delta,Tourism
delta checked bag,Tourism
delta early boarding,Tourism
delta flight,Tourism
delta flight change fee,Tourism
delta flight home,Tourism
delta plane ticket,Tourism
delta seat upgrade,Tourism
early boarding,Tourism
early boarding alaska airlines,Tourism
early boarding american airlines,Tourism
early boarding at american airlines,Tourism
early boarding at delta,Tourism
early boarding at hawaiian airlines,Tourism
early boarding at southwest,Tourism
early boarding at united,Tourism
early boarding delta,Tourism
early boarding frontier,Tourism
early boarding hawaiian airlines,Tourism
early boarding jetblue,Tourism
early boarding southwest,Tourism
early boarding spirit,Tourism
early boarding united,Tourism
enterprise,Tourism
enterprise additional driver fee,Tourism
enterprise car rental,Tourism
enterprise car rental insurance,Tourism
enterprise one way drop off,Tourism
enterprise rental car,Tourism
enterprise rental car gas,Tourism
excursion,Tourism
excursion at booking.com,Tourism
excursion at expedia,Tourism
excursion at hotels.com,Tourism
excursion at kayak,Tourism
excursion booking.com,Tourism
excursion expedia,Tourism
excursion getyourguide,Tourism
excursion hotels.com,Tourism
excursion kayak,Tourism
excursion priceline,Tourism
expedia,Tourism
expedia boat tour,Tourism
expedia excursion,Tourism
expedia guided tour,Tourism
expedia package deal,Tourism
expedia tour booking,Tourism
expedia trip booking,Tourism
expedia walking tour,Tourism
extra night,Tourism
extra night airbnb,Tourism
extra night at airbnb,Tourism
extra night at four seasons,Tourism
extra night at hilton,Tourism
extra night at holiday inn,Tourism
extra night at hostelworld,Tourism
extra night at hyatt,Tourism
extra night at la quinta,Tourism
extra night at marriott,Tourism
extra night at motel 6,Tourism
extra night at ritz-carlton,Tourism
extra night at vrbo,Tourism
extra night best western,Tourism
extra night four seasons,Tourism
extra night hilton,Tourism
extra night holiday inn,Tourism
extra night hostelworld,Tourism
extra night hyatt,Tourism
extra night la quinta,Tourism
extra night marriott,Tourism
extra night ritz-carlton,Tourism
flight,Tourism
flight alaska airlines,Tourism
flight american airlines,Tourism
flight at american airlines,Tourism
flight at hawaiian airlines,Tourism
flight at southwest,Tourism
flight at united,Tourism
flight change fee alaska airlines,Tourism
flight change fee american airlines,Tourism
flight change fee at american airlines,Tourism
flight change fee at delta,Tourism
flight change fee at jetblue,Tourism
flight change fee at spirit,Tourism
flight change fee delta,Tourism
flight change fee hawaiian airlines,Tourism
flight change fee jetblue,Tourism
flight change fee southwest,Tourism
flight change fee spirit,Tourism
flight change fee united,Tourism
flight delta,Tourism
flight frontier,Tourism
flight hawaiian airlines,Tourism
flight home,Tourism
flight home at alaska airlines,Tourism
flight home at american airlines,Tourism
flight home at jetblue,Tourism
flight home at spirit,Tourism
flight home at united,Tourism
flight home delta,Tourism
flight home frontier,Tourism
flight home hawaiian airlines,Tourism
flight home jetblue,Tourism
flight home southwest,Tourism
flight home spirit,Tourism
flight home united,Tourism
flight southwest,Tourism
flight spirit,Tourism
flight united,Tourism
four seasons airbnb stay,Tourism
four seasons hostel,Tourism
four seasons hotel,Tourism
four seasons late checkout,Tourism
four seasons resort fee,Tourism
four seasons room deposit,Tourism
four seasons two nights at the hotel,Tourism
four seasons vacation rental,Tourism
frontier,Tourism
frontier baggage fee,Tourism
frontier early boarding,Tourism
frontier flight home,Tourism
frontier one way flight,Tourism
frontier plane ticket,Tourism
frontier round trip flight,Tourism
getyourguide,Tourism
getyourguide day trip,Tourism
getyourguide excursion,Tourism
getyourguide guided tour,Tourism
getyourguide tour booking,Tourism
getyourguide walking tour,Tourism
global entry,Tourism
global entry annual pass,Tourism
global entry application fee,Tourism
global entry at tsa precheck,Tourism
global entry clear,Tourism
global entry global entry,Tourism
global entry national park pass,Tourism
global entry park entrance fee,Tourism
global entry tsa precheck,Tourism
guided tour,Tourism
guided tour at booking.com,Tourism
guided tour at expedia,Tourism
guided tour at priceline,Tourism
guided tour at viator,Tourism
guided tour booking.com,Tourism
guided tour expedia,Tourism
guided tour getyourguide,Tourism
guided tour hotels.com,Tourism
guided tour kayak,Tourism
guided tour priceline,Tourism
guided tour viator,Tourism
hawaiian airlines,Tourism
hawaiian airlines baggage fee,Tourism
hawaiian airlines early boarding,Tourism
hawaiian airlines flight,Tourism
hawaiian airlines flight change fee,Tourism
hawaiian airlines flight home,Tourism
hawaiian airlines round trip flight,Tourism
hawaiian airlines seat upgrade,Tourism
hertz,Tourism
hertz additional driver fee,Tourism
hertz car rental,Tourism
hertz car rental insurance,Tourism
hertz one way drop off,Tourism
hertz rental car,Tourism
hertz rental car gas,Tourism
hilton,Tourism
hilton hostel,Tourism
hilton hotel,Tourism
hilton late checkout,Tourism
hilton resort fee,Tourism
hilton room deposit,Tourism
hilton two nights at the hotel,Tourism
hilton vacation rental,Tourism
holiday inn,Tourism
holiday inn airbnb stay,Tourism
holiday inn extra night,Tourism
holiday inn hotel,Tourism
holiday inn hotel night,Tourism
holiday inn late checkout,Tourism
holiday inn resort fee,Tourism
holiday inn room deposit,Tourism
holiday inn two nights at the hotel,Tourism
holiday inn vacation rental,Tourism
hostel,Tourism
hostel airbnb,Tourism
hostel at four seasons,Tourism
hostel at hilton,Tourism
hostel at holiday inn,Tourism
hostel at hostelworld,Tourism
hostel at la quinta,Tourism
hostel at marriott,Tourism
hostel at motel 6,Tourism
hostel at vrbo,Tourism
hostel best western,Tourism
hostel four seasons,Tourism
hostel hilton,Tourism
hostel holiday inn,Tourism
hostel hostelworld,Tourism
hostel hyatt,Tourism
hostel la quinta,Tourism
hostel marriott,Tourism
hostel motel 6,Tourism
hostel ritz-carlton,Tourism
hostel vrbo,Tourism
hostelworld,Tourism
hostelworld airbnb stay,Tourism
hostelworld extra night,Tourism
hostelworld hostel,Tourism
hostelworld vacation rental,Tourism
hotel,Tourism
hotel airbnb,Tourism
hotel at airbnb,Tourism
hotel at best western,Tourism
hotel at four seasons,Tourism
hotel at holiday inn,Tourism
hotel at la quinta,Tourism
hotel at marriott,Tourism
hotel at motel 6,Tourism
hotel at ritz-carlton,Tourism
hotel best western,Tourism
hotel four seasons,Tourism
hotel hilton,Tourism
hotel holiday inn,Tourism
hotel hostelworld,Tourism
hotel hyatt,Tourism
hotel la quinta,Tourism
hotel motel 6,Tourism
hotel night,Tourism
hotel night airbnb,Tourism
hotel night at airbnb,Tourism
hotel night at best western,Tourism
hotel night at four seasons,Tourism
hotel night at hilton,Tourism
hotel night at holiday inn,Tourism
hotel night at hostelworld,Tourism
hotel night at la quinta,Tourism
hotel night at marriott,Tourism
hotel night at motel 6,Tourism
hotel night at vrbo,Tourism
hotel night best western,Tourism
hotel night four seasons,Tourism
hotel night hilton,Tourism
hotel night holiday inn,Tourism
hotel night hyatt,Tourism
hotel night la quinta,Tourism
hotel night marriott,Tourism
hotel night motel 6,Tourism
hotel night ritz-carlton,Tourism
hotel night vrbo,Tourism
hotel ritz-carlton,Tourism
hotel vrbo,Tourism
hotels.com,Tourism
hotels.com excursion,Tourism
hotels.com guided tour,Tourism
hotels.com package deal,Tourism
hotels.com trip booking,Tourism
hotels.com walking tour,Tourism
hyatt,Tourism
hyatt airbnb stay,Tourism
hyatt extra night,Tourism
hyatt hostel,Tourism
hyatt hotel,Tourism
hyatt late checkout,Tourism
hyatt resort fee,Tourism
hyatt room deposit,Tourism
hyatt two nights at the hotel,Tourism
jetblue baggage fee,Tourism
jetblue checked bag,Tourism
jetblue flight,Tourism
jetblue flight change fee,Tourism
jetblue flight home,Tourism
jetblue one way flight,Tourism
jetblue plane ticket,Tourism
jetblue round trip flight,Tourism
jetblue seat upgrade,Tourism
kayak boat tour,Tourism
kayak day trip,Tourism
kayak excursion,Tourism
kayak package deal,Tourism
kayak tour booking,Tourism
la quinta,Tourism
la quinta airbnb stay,Tourism
la quinta extra night,Tourism
la quinta hostel,Tourism
la quinta late checkout,Tourism
la quinta resort fee,Tourism
la quinta room deposit,Tourism
la quinta two nights at the hotel,Tourism
late checkout,Tourism
late checkout airbnb,Tourism
late checkout at airbnb,Tourism
late checkout at best western,Tourism
late checkout at holiday inn,Tourism
late checkout at hostelworld,Tourism
late checkout at la quinta,Tourism
late checkout at marriott,Tourism
late checkout at ritz-carlton,Tourism
late checkout at vrbo,Tourism
late checkout best western,Tourism
late checkout four seasons,Tourism
late checkout holiday inn,Tourism
late checkout hyatt,Tourism
late checkout motel 6,Tourism
late checkout ritz-carlton,Tourism
late checkout vrbo,Tourism
lift ticket,Tourism
marriott,Tourism
marriott hostel,Tourism
marriott hotel,Tourism
marriott hotel night,Tourism
marriott late checkout,Tourism
marriott room deposit,Tourism
marriott two nights at the hotel,Tourism
motel 6,Tourism
motel 6 airbnb stay,Tourism
motel 6 hotel night,Tourism
motel 6 resort fee,Tourism
motel 6 room deposit,Tourism
motel 6 two nights at the hotel,Tourism
motel 6 vacation rental,Tourism
national park pass,Tourism
national park pass at global entry,Tourism
national park pass at national park service,Tourism
national park pass at tsa precheck,Tourism
national park pass global entry,Tourism
national park pass national park service,Tourism
national park pass tsa precheck,Tourism
national park service,Tourism
national park service annual pass,Tourism
national park service application fee,Tourism
national park service park entrance fee,Tourism
national park service tsa precheck,Tourism
one way drop off at avis,Tourism
one way drop off at budget rent a car,Tourism
one way drop off at hertz,Tourism
one way drop off at turo,Tourism
one way drop off avis,Tourism
one way drop off budget rent a car,Tourism
one way drop off hertz,Tourism
one way drop off sixt,Tourism
one way drop off turo,Tourism
one way flight,Tourism
one way flight alaska airlines,Tourism
one way flight american airlines,Tourism
one way flight at delta,Tourism
one way flight at frontier,Tourism
one way flight at hawaiian airlines,Tourism
one way flight at southwest,Tourism
one way flight at spirit,Tourism
one way flight delta,Tourism
one way flight frontier,Tourism
one way flight jetblue,Tourism
one way flight southwest,Tourism
one way flight spirit,Tourism
one way flight united,Tourism
package deal,Tourism
package deal at booking.com,Tourism
package deal at getyourguide,Tourism
package deal at hotels.com,Tourism
package deal at priceline,Tourism
package deal at viator,Tourism
package deal booking.com,Tourism
package deal expedia,Tourism
package deal getyourguide,Tourism
package deal hotels.com,Tourism
package deal kayak,Tourism
package deal priceline,Tourism
package deal viator,Tourism
park entrance fee,Tourism
park entrance fee at global entry,Tourism
park entrance fee at national park service,Tourism
park entrance fee at tsa precheck,Tourism
park entrance fee clear,Tourism
park entrance fee global entry,Tourism
park entrance fee national park service,Tourism
park entrance fee tsa precheck,Tourism
plane ticket,Tourism
plane ticket alaska airlines,Tourism
plane ticket american airlines,Tourism
plane ticket at alaska airlines,Tourism
plane ticket at american airlines,Tourism
plane ticket at delta,Tourism
plane ticket at frontier,Tourism
plane ticket at jetblue,Tourism
plane ticket at spirit,Tourism
plane ticket delta,Tourism
plane ticket frontier,Tourism
plane ticket hawaiian airlines,Tourism
plane ticket jetblue,Tourism
plane ticket southwest,Tourism
plane ticket spirit,Tourism
plane ticket united,Tourism
postcards,Tourism
priceline,Tourism
priceline boat tour,Tourism
priceline excursion,Tourism
priceline guided tour,Tourism
priceline package deal,Tourism
priceline tour booking,Tourism
priceline trip booking,Tourism
rental car,Tourism
rental car at budget rent a car,Tourism
rental car at enterprise,Tourism
rental car at hertz,Tourism
rental car at turo,Tourism
rental car avis,Tourism
rental car budget rent a car,Tourism
rental car enterprise,Tourism
rental car gas,Tourism
rental car gas at avis,Tourism
rental car gas at enterprise,Tourism
rental car gas at hertz,Tourism
rental car gas at turo,Tourism
rental car gas avis,Tourism
rental car gas enterprise,Tourism
rental car gas hertz,Tourism
rental car gas sixt,Tourism
rental car gas turo,Tourism
rental car hertz,Tourism
rental car sixt,Tourism
resort fee,Tourism
resort fee airbnb,Tourism
resort fee at best western,Tourism
resort fee at hilton,Tourism
resort fee at holiday inn,Tourism
resort fee at hostelworld,Tourism
resort fee at hyatt,Tourism
resort fee at motel 6,Tourism
resort fee at vrbo,Tourism
resort fee best western,Tourism
resort fee four seasons,Tourism
resort fee hilton,Tourism
resort fee holiday inn,Tourism
resort fee hostelworld,Tourism
resort fee hyatt,Tourism
resort fee la quinta,Tourism
resort fee marriott,Tourism
resort fee motel 6,Tourism
resort fee ritz-carlton,Tourism
ritz-carlton,Tourism
ritz-carlton extra night,Tourism
ritz-carlton hostel,Tourism
ritz-carlton hotel,Tourism
ritz-carlton late checkout,Tourism
ritz-carlton resort fee,Tourism
ritz-carlton room deposit,Tourism
ritz-carlton vacation rental,Tourism
room deposit,Tourism
room deposit airbnb,Tourism
room deposit at airbnb,Tourism
room deposit at best western,Tourism
room deposit at four seasons,Tourism
room deposit at hilton,Tourism
room deposit at holiday inn,Tourism
room deposit at hyatt,Tourism
room deposit at la quinta,Tourism
room deposit at marriott,Tourism
room deposit at vrbo,Tourism
room deposit best western,Tourism
room deposit four seasons,Tourism
room deposit hilton,Tourism
room deposit holiday inn,Tourism
room deposit hostelworld,Tourism
room deposit la quinta,Tourism
room deposit marriott,Tourism
room deposit motel 6,Tourism
room deposit ritz-carlton,Tourism
room deposit vrbo,Tourism
round trip flight,Tourism
round trip flight alaska airlines,Tourism
round trip flight american airlines,Tourism
round trip flight at alaska airlines,Tourism
round trip flight at american airlines,Tourism
round trip flight at delta,Tourism
round trip flight at hawaiian airlines,Tourism
round trip flight at jetblue,Tourism
round trip flight at southwest,Tourism
round trip flight at spirit,Tourism
round trip flight at united,Tourism
round trip flight frontier,Tourism
round trip flight jetblue,Tourism
round trip flight southwest,Tourism
round trip flight spirit,Tourism
round trip flight united,Tourism
seat upgrade,Tourism
seat upgrade alaska airlines,Tourism
seat upgrade at alaska airlines,Tourism
seat upgrade at delta,Tourism
seat upgrade at frontier,Tourism
seat upgrade at hawaiian airlines,Tourism
seat upgrade at southwest,Tourism
seat upgrade at spirit,Tourism
seat upgrade at united,Tourism
seat upgrade delta,Tourism
seat upgrade frontier,Tourism
seat upgrade jetblue,Tourism
seat upgrade southwest,Tourism
seat upgrade spirit,Tourism
seat upgrade united,Tourism
shuttle to the hotel,Tourism
sixt,Tourism
sixt additional driver fee,Tourism
sixt car rental,Tourism
sixt car rental insurance,Tourism
sixt one way drop off,Tourism
sixt rental car,Tourism
sixt rental car gas,Tourism
ski pass,Tourism
snorkel rental,Tourism
southwest,Tourism
southwest baggage fee,Tourism
southwest early boarding,Tourism
southwest flight change fee,Tourism
southwest one way flight,Tourism
southwest round trip flight,Tourism
southwest seat upgrade,Tourism
souvenirs,Tourism
spirit,Tourism
spirit baggage fee,Tourism
spirit checked bag,Tourism
spirit early boarding,Tourism
spirit flight,Tourism
spirit flight home,Tourism
spirit one way flight,Tourism
spirit plane ticket,Tourism
spirit round trip flight,Tourism
tour booking,Tourism
tour booking at booking.com,Tourism
tour booking at getyourguide,Tourism
tour booking at kayak,Tourism
tour booking at viator,Tourism
tour booking booking.com,Tourism
tour booking expedia,Tourism
tour booking getyourguide,Tourism
tour booking kayak,Tourism
tour booking priceline,Tourism
tour booking viator,Tourism
travel insurance,Tourism
trip booking at expedia,Tourism
trip booking at kayak,Tourism
trip booking at priceline,Tourism
trip booking at viator,Tourism
trip booking booking.com,Tourism
trip booking expedia,Tourism
trip booking getyourguide,Tourism
trip booking hotels.com,Tourism
trip booking kayak,Tourism
trip booking priceline,Tourism
trip booking viator,Tourism
trip to see family,Tourism
tsa precheck,Tourism
tsa precheck application fee,Tourism
tsa precheck at clear,Tourism
tsa precheck at global entry,Tourism
tsa precheck clear,Tourism
tsa precheck global entry,Tourism
tsa precheck national park pass,Tourism
tsa precheck national park service,Tourism
tsa precheck tsa precheck,Tourism
turo car rental,Tourism
turo car rental insurance,Tourism
turo rental car gas,Tourism
two nights at the hotel at best western,Tourism
two nights at the hotel at four seasons,Tourism
two nights at the hotel at hilton,Tourism
two nights at the hotel at hostelworld,Tourism
two nights at the hotel at hyatt,Tourism
two nights at the hotel at la quinta,Tourism
two nights at the hotel at marriott,Tourism
two nights at the hotel at vrbo,Tourism
two nights at the hotel best western,Tourism
two nights at the hotel four seasons,Tourism
two nights at the hotel hostelworld,Tourism
two nights at the hotel hyatt,Tourism
two nights at the hotel la quinta,Tourism
two nights at the hotel marriott,Tourism
two nights at the hotel ritz-carlton,Tourism
two nights at the hotel vrbo,Tourism
united,Tourism
united checked bag,Tourism
united early boarding,Tourism
united flight,Tourism
united flight home,Tourism
united one way flight,Tourism
united round trip flight,Tourism
united seat upgrade,Tourism
vacation rental,Tourism
vacation rental airbnb,Tourism
vacation rental at airbnb,Tourism
vacation rental at best western,Tourism
vacation rental at hilton,Tourism
vacation rental at holiday inn,Tourism
vacation rental at hostelworld,Tourism
vacation rental at hyatt,Tourism
vacation rental at marriott,Tourism
vacation rental at motel 6,Tourism
vacation rental best western,Tourism
vacation rental four seasons,Tourism
vacation rental hilton,Tourism
vacation rental holiday inn,Tourism
vacation rental hostelworld,Tourism
vacation rental hyatt,Tourism
vacation rental marriott,Tourism
vacation rental motel 6,Tourism
vacation rental ritz-carlton,Tourism
vacation rental vrbo,Tourism
vacation spending,Tourism
viator,Tourism
viator boat tour,Tourism
viator day trip,Tourism
viator excursion,Tourism
viator guided tour,Tourism
viator tour booking,Tourism
viator trip booking,Tourism
visa fee,Tourism
vrbo airbnb stay,Tourism
vrbo extra night,Tourism
vrbo hotel night,Tourism
vrbo two nights at the hotel,Tourism
walking tour at booking.com,Tourism
walking tour at hotels.com,Tourism
walking tour booking.com,Tourism
walking tour expedia,Tourism
walking tour getyourguide,Tourism
walking tour hotels.com,Tourism
walking tour kayak,Tourism
walking tour priceline,Tourism
walking tour viator,Tourism
1password,Subscription
1password license,Subscription
1password monthly fee,Subscription
1password renewal,Subscription
24 hour fitness,Subscription
24 hour fitness class pack,Subscription
24 hour fitness initiation fee,Subscription
aaa,Subscription
aaa annual membership,Subscription
aaa membership,Subscription
aaa membership renewal,Subscription
aaa yearly fee,Subscription
ad free plan,Subscription
ad free plan at hbo max,Subscription
ad free plan at netflix,Subscription
ad free plan at paramount+,Subscription
ad free plan at shudder,Subscription
ad free plan criterion channel,Subscription
ad free plan crunchyroll,Subscription
ad free plan disney+,Subscription
ad free plan hbo max,Subscription
ad free plan netflix,Subscription
ad free plan paramount+,Subscription
ad free plan showtime,Subscription
ad free plan sling tv,Subscription
ad free plan starz,Subscription
adobe,Subscription
adobe creative cloud monthly fee,Subscription
adobe creative cloud monthly plan,Subscription
adobe creative cloud seat,Subscription
adobe creative cloud subscription,Subscription
adobe monthly fee,Subscription
adobe monthly plan,Subscription
adobe seat,Subscription
amazon prime annual membership,Subscription
amazon prime membership,Subscription
annual membership 24 hour fitness,Subscription
annual membership aaa,Subscription
annual membership amazon prime,Subscription
annual membership at crunch fitness,Subscription
annual membership at equinox,Subscription
annual membership at gold's gym,Subscription
annual membership at orange theory,Subscription
annual membership at planet fitness,Subscription
annual membership at walmart+,Subscription
annual membership classpass,Subscription
annual membership costco membership,Subscription
annual membership crunch fitness,Subscription
annual membership gold's gym,Subscription
annual membership la fitness,Subscription
annual membership orange theory,Subscription
annual membership peloton,Subscription
annual membership planet fitness,Subscription
annual membership sam's club membership,Subscription
annual membership ymca,Subscription
annual plan adobe,Subscription
annual plan at apple music,Subscription
annual plan at audible,Subscription
annual plan at dropbox,Subscription
annual plan at namecheap,Subscription
annual plan at nordvpn,Subscription
annual plan at siriusxm,Subscription
annual plan at spotify,Subscription
annual plan at squarespace,Subscription
annual plan audible,Subscription
annual plan backblaze,Subscription
annual plan canva,Subscription
annual plan dropbox,Subscription
annual plan expressvpn,Subscription
annual plan figma,Subscription
annual plan github,Subscription
annual plan google one,Subscription
annual plan icloud,Subscription
annual plan notion,Subscription
annual plan pandora,Subscription
annual plan siriusxm,Subscription
annual subscription,Subscription
annual subscription at peacock,Subscription
annual subscription at sling tv,Subscription
annual subscription at starz,Subscription
annual subscription at substack,Subscription
annual subscription fubo,Subscription
annual subscription hbo max,Subscription
annual subscription max,Subscription
annual subscription paramount+,Subscription
annual subscription peacock,Subscription
annual subscription showtime,Subscription
annual subscription substack,Subscription
annual subscription the economist,Subscription
annual subscription wall street journal,Subscription
annual subscription washington post,Subscription
annual subscription youtube tv,Subscription
apple music monthly fee,Subscription
apple tv+,Subscription
apple tv+ annual subscription,Subscription
apple tv+ renewal,Subscription
at&t autopay,Subscription
at&t data plan,Subscription
at&t family plan,Subscription
at&t line charge,Subscription
at&t phone bill,Subscription
at&t wireless bill,Subscription
audible,Subscription
audible annual plan,Subscription
audible family plan,Subscription
audible student plan,Subscription
audible subscription,Subscription
auto renewal at fubo,Subscription
auto renewal at max,Subscription
auto renewal at netflix,Subscription
auto renewal at prime video,Subscription
auto renewal at showtime,Subscription
auto renewal at sling tv,Subscription
auto renewal at youtube premium,Subscription
auto renewal crunchyroll,Subscription
auto renewal hulu,Subscription
auto renewal max,Subscription
auto renewal showtime,Subscription
auto renewal starz,Subscription
auto ship at dollar shave club,Subscription
auto ship chewy,Subscription
auto ship dollar shave club,Subscription
autopay,Subscription
autopay at t-mobile,Subscription
autopay at verizon,Subscription
autopay at&t,Subscription
autopay cricket,Subscription
backblaze,Subscription
backblaze annual plan,Subscription
backblaze monthly storage,Subscription
backblaze storage,Subscription
backblaze upgrade,Subscription
barkbox delivery,Subscription
blue apron,Subscription
blue apron subscription,Subscription
box annual plan,Subscription
canva,Subscription
canva renewal,Subscription
canva seat,Subscription
canva subscription,Subscription
cell phone plan,Subscription
chatgpt plus,Subscription
chatgpt plus license,Subscription
chatgpt plus monthly plan,Subscription
chatgpt plus pro plan,Subscription
chatgpt plus renewal,Subscription
chatgpt plus seat,Subscription
chatgpt plus subscription,Subscription
chewy monthly box,Subscription
chewy subscription box,Subscription
class pack 24 hour fitness,Subscription
class pack at equinox,Subscription
class pack at gold's gym,Subscription
class pack f45,Subscription
class pack gold's gym,Subscription
class pack orange theory,Subscription
class pack planet fitness,Subscription
class pack ymca,Subscription
classpass initiation fee,Subscription
classpass membership fee,Subscription
classpass monthly dues,Subscription
classpass monthly membership,Subscription
cloud storage,Subscription
cloud storage at dropbox,Subscription
cloud storage at onedrive,Subscription
cloud storage dropbox,Subscription
cloud storage google one,Subscription
costco membership annual membership,Subscription
costco membership membership renewal,Subscription
cricket autopay,Subscription
cricket data plan,Subscription
cricket family plan,Subscription
cricket wireless bill,Subscription
criterion channel,Subscription
criterion channel ad free plan,Subscription
criterion channel annual subscription,Subscription
criterion channel premium plan,Subscription
criterion channel subscription,Subscription
crunch fitness membership,Subscription
crunchyroll,Subscription
crunchyroll family plan,Subscription
crunchyroll monthly fee,Subscription
crunchyroll monthly plan,Subscription
crunchyroll premium plan,Subscription
crunchyroll renewal,Subscription
data plan,Subscription
data plan at at&t,Subscription
data plan at cricket,Subscription
data plan at&t,Subscription
data plan cricket,Subscription
data plan google fi,Subscription
data plan mint mobile,Subscription
data plan visible,Subscription
delivery at dollar shave club,Subscription
delivery at hellofresh,Subscription
delivery barkbox,Subscription
delivery blue apron,Subscription
delivery chewy,Subscription
delivery dollar shave club,Subscription
digital subscription at medium,Subscription
digital subscription at substack,Subscription
digital subscription at the atlantic,Subscription
digital subscription at the economist,Subscription
digital subscription patreon,Subscription
digital subscription substack,Subscription
digital subscription the atlantic,Subscription
disney+,Subscription
disney+ ad free plan,Subscription
disney+ annual subscription,Subscription
disney+ auto renewal,Subscription
disney+ family plan,Subscription
disney+ monthly fee,Subscription
disney+ monthly plan,Subscription
dollar shave club,Subscription
dollar shave club auto ship,Subscription
dropbox,Subscription
dropbox annual plan,Subscription
dropbox cloud storage,Subscription
dropbox storage,Subscription
dropbox storage plan,Subscription
equinox,Subscription
equinox annual membership,Subscription
equinox membership,Subscription
equinox monthly dues,Subscription
equinox monthly membership,Subscription
expressvpn,Subscription
expressvpn monthly plan,Subscription
expressvpn pro plan,Subscription
expressvpn subscription,Subscription
extra storage,Subscription
extra storage at dropbox,Subscription
extra storage icloud,Subscription
extra storage onedrive,Subscription
f45 annual membership,Subscription
f45 class pack,Subscription
f45 initiation fee,Subscription
f45 membership,Subscription
f45 membership fee,Subscription
factor,Subscription
factor auto ship,Subscription
factor delivery,Subscription
family plan,Subscription
family plan apple tv+,Subscription
family plan at fubo,Subscription
family plan at max,Subscription
family plan at netflix,Subscription
family plan at prime video,Subscription
family plan at starz,Subscription
family plan at visible,Subscription
family plan at youtube tv,Subscription
family plan criterion channel,Subscription
family plan disney+,Subscription
family plan fubo,Subscription
family plan google fi,Subscription
family plan hbo max,Subscription
family plan hulu,Subscription
family plan netflix,Subscription
family plan pandora,Subscription
family plan prime video,Subscription
family plan showtime,Subscription
family plan shudder,Subscription
family plan sling tv,Subscription
family plan spotify,Subscription
family plan t-mobile,Subscription
family plan verizon,Subscription
figma license,Subscription
figma monthly fee,Subscription
figma pro plan,Subscription
figma subscription,Subscription
fubo monthly plan,Subscription
github,Subscription
github annual plan,Subscription
github license,Subscription
github monthly fee,Subscription
github pro plan,Subscription
gold's gym,Subscription
gold's gym initiation fee,Subscription
gold's gym monthly dues,Subscription
google one,Subscription
google one storage,Subscription
google one upgrade,Subscription
grammarly premium,Subscription
grammarly premium annual plan,Subscription
grammarly premium monthly plan,Subscription
grammarly premium seat,Subscription
gym dues,Subscription
hbo max,Subscription
hbo max ad free plan,Subscription
hbo max monthly plan,Subscription
hbo max monthly subscription,Subscription
hbo max premium plan,Subscription
hellofresh,Subscription
hellofresh auto ship,Subscription
hellofresh delivery,Subscription
hellofresh subscription,Subscription
hulu premium plan,Subscription
hulu subscription,Subscription
icloud,Subscription
icloud annual plan,Subscription
icloud monthly storage,Subscription
icloud storage plan,Subscription
initiation fee,Subscription
initiation fee 24 hour fitness,Subscription
initiation fee at 24 hour fitness,Subscription
initiation fee at crunch fitness,Subscription
initiation fee at gold's gym,Subscription
initiation fee at la fitness,Subscription
initiation fee at ymca,Subscription
initiation fee classpass,Subscription
initiation fee equinox,Subscription
initiation fee orange theory,Subscription
initiation fee peloton,Subscription
initiation fee planet fitness,Subscription
initiation fee ymca,Subscription
la fitness,Subscription
la fitness annual membership,Subscription
la fitness class pack,Subscription
la fitness membership,Subscription
la fitness monthly dues,Subscription
la fitness monthly membership,Subscription
lastpass annual plan,Subscription
lastpass renewal,Subscription
license,Subscription
license adobe,Subscription
license at adobe creative cloud,Subscription
license at canva,Subscription
license at expressvpn,Subscription
license at github,Subscription
license at grammarly premium,Subscription
license at namecheap,Subscription
license at zoom,Subscription
license canva,Subscription
license expressvpn,Subscription
license github,Subscription
license grammarly premium,Subscription
license lastpass,Subscription
license microsoft 365,Subscription
license namecheap,Subscription
license nordvpn,Subscription
license squarespace,Subscription
license zoom,Subscription
line charge,Subscription
line charge at verizon,Subscription
line charge at visible,Subscription
line charge at&t,Subscription
line charge mint mobile,Subscription
line charge t-mobile,Subscription
line charge visible,Subscription
max ad free plan,Subscription
max family plan,Subscription
max monthly plan,Subscription
max monthly subscription,Subscription
max subscription,Subscription
medium,Subscription
medium annual subscription,Subscription
medium digital subscription,Subscription
medium monthly subscription,Subscription
membership,Subscription
membership aaa,Subscription
membership amazon prime,Subscription
membership at amazon prime,Subscription
membership at crunch fitness,Subscription
membership at gold's gym,Subscription
membership at orange theory,Subscription
membership at patreon,Subscription
membership at sam's club membership,Subscription
membership at walmart+,Subscription
membership crunch fitness,Subscription
membership fee 24 hour fitness,Subscription
membership fee at classpass,Subscription
membership fee at equinox,Subscription
membership fee at la fitness,Subscription
membership fee at ymca,Subscription
membership fee equinox,Subscription
membership fee gold's gym,Subscription
membership fee la fitness,Subscription
membership fee orange theory,Subscription
membership gold's gym,Subscription
membership la fitness,Subscription
membership medium,Subscription
membership patreon,Subscription
membership peloton,Subscription
membership planet fitness,Subscription
membership renewal,Subscription
membership renewal amazon prime,Subscription
membership renewal at walmart+,Subscription
membership sam's club membership,Subscription
membership substack,Subscription
membership the atlantic,Subscription
membership walmart+,Subscription
membership ymca,Subscription
microsoft 365,Subscription
mint mobile,Subscription
mint mobile line charge,Subscription
mint mobile phone bill,Subscription
monthly box,Subscription
monthly box at barkbox,Subscription
monthly box at chewy,Subscription
monthly box blue apron,Subscription
monthly dues at la fitness,Subscription
monthly dues at planet fitness,Subscription
monthly dues classpass,Subscription
monthly dues crunch fitness,Subscription
monthly dues orange theory,Subscription
monthly dues peloton,Subscription
monthly dues ymca,Subscription
monthly fee,Subscription
monthly fee 1password,Subscription
monthly fee adobe creative cloud,Subscription
monthly fee apple tv+,Subscription
monthly fee at adobe creative cloud,Subscription
monthly fee at apple tv+,Subscription
monthly fee at audible,Subscription
monthly fee at disney+,Subscription
monthly fee at max,Subscription
monthly fee at notion,Subscription
monthly fee at pandora,Subscription
monthly fee at peacock,Subscription
monthly fee at squarespace,Subscription
monthly fee at tidal,Subscription
monthly fee at youtube tv,Subscription
monthly fee criterion channel,Subscription
monthly fee disney+,Subscription
monthly fee expressvpn,Subscription
monthly fee fubo,Subscription
monthly fee grammarly premium,Subscription
monthly fee hbo max,Subscription
monthly fee hulu,Subscription
monthly fee notion,Subscription
monthly fee paramount+,Subscription
monthly fee peacock,Subscription
monthly fee prime video,Subscription
monthly fee sling tv,Subscription
monthly fee squarespace,Subscription
monthly fee youtube tv,Subscription
monthly membership,Subscription
monthly membership at 24 hour fitness,Subscription
monthly membership at equinox,Subscription
monthly membership at f45,Subscription
monthly membership at la fitness,Subscription
monthly membership at orange theory,Subscription
monthly membership at planet fitness,Subscription
monthly membership crunch fitness,Subscription
monthly membership equinox,Subscription
monthly membership f45,Subscription
monthly membership la fitness,Subscription
monthly phone plan,Subscription
monthly plan,Subscription
monthly plan 1password,Subscription
monthly plan adobe creative cloud,Subscription
monthly plan apple tv+,Subscription
monthly plan at chatgpt plus,Subscription
monthly plan at cricket,Subscription
monthly plan at disney+,Subscription
monthly plan at fubo,Subscription
monthly plan at grammarly premium,Subscription
monthly plan at mint mobile,Subscription
monthly plan at sling tv,Subscription
monthly plan at zoom,Subscription
monthly plan canva,Subscription
monthly plan chatgpt plus,Subscription
monthly plan cricket,Subscription
monthly plan crunchyroll,Subscription
monthly plan disney+,Subscription
monthly plan expressvpn,Subscription
monthly plan figma,Subscription
monthly plan fubo,Subscription
monthly plan github,Subscription
monthly plan google fi,Subscription
monthly plan grammarly premium,Subscription
monthly plan hbo max,Subscription
monthly plan lastpass,Subscription
monthly plan max,Subscription
monthly plan microsoft 365,Subscription
monthly plan namecheap,Subscription
monthly plan netflix,Subscription
monthly plan peacock,Subscription
monthly plan showtime,Subscription
monthly plan shudder,Subscription
monthly plan sling tv,Subscription
monthly plan t-mobile,Subscription
monthly plan visible,Subscription
monthly plan zoom,Subscription
monthly pledge,Subscription
monthly pledge at patreon,Subscription
monthly pledge at the atlantic,Subscription
monthly pledge medium,Subscription
monthly pledge new york times,Subscription
monthly pledge patreon,Subscription
monthly pledge the atlantic,Subscription
monthly storage at google one,Subscription
monthly storage backblaze,Subscription
monthly storage box,Subscription
monthly storage google one,Subscription
monthly storage onedrive,Subscription
monthly subscription apple music,Subscription
monthly subscription at crunchyroll,Subscription
monthly subscription at hbo max,Subscription
monthly subscription at hulu,Subscription
monthly subscription at peacock,Subscription
monthly subscription at showtime,Subscription
monthly subscription at sling tv,Subscription
monthly subscription at spotify,Subscription
monthly subscription at starz,Subscription
monthly subscription at substack,Subscription
monthly subscription at the economist,Subscription
monthly subscription at wall street journal,Subscription
monthly subscription at youtube tv,Subscription
monthly subscription hbo max,Subscription
monthly subscription medium,Subscription
monthly subscription paramount+,Subscription
monthly subscription prime video,Subscription
monthly subscription siriusxm,Subscription
monthly subscription spotify,Subscription
monthly subscription starz,Subscription
monthly subscription tidal,Subscription
monthly subscription wall street journal,Subscription
monthly subscription washington post,Subscription
monthly subscription youtube premium,Subscription
monthly subscription youtube tv,Subscription
music streaming,Subscription
namecheap,Subscription
namecheap monthly fee,Subscription
namecheap renewal,Subscription
namecheap seat,Subscription
netflix,Subscription
netflix auto renewal,Subscription
netflix monthly plan,Subscription
new york times membership,Subscription
new york times subscription,Subscription
news subscription,Subscription
nordvpn,Subscription
nordvpn license,Subscription
nordvpn renewal,Subscription
nordvpn subscription,Subscription
notion,Subscription
notion annual plan,Subscription
notion license,Subscription
onedrive,Subscription
onedrive annual plan,Subscription
onedrive cloud storage,Subscription
onedrive monthly storage,Subscription
onedrive storage plan,Subscription
onedrive upgrade,Subscription
orange theory,Subscription
orange theory class pack,Subscription
orange theory membership,Subscription
orange theory membership fee,Subscription
orange theory monthly dues,Subscription
pandora,Subscription
pandora family plan,Subscription
pandora monthly fee,Subscription
paramount+ ad free plan,Subscription
paramount+ family plan,Subscription
paramount+ monthly fee,Subscription
paramount+ monthly plan,Subscription
paramount+ subscription,Subscription
password manager,Subscription
patreon,Subscription
patreon annual subscription,Subscription
patreon digital subscription,Subscription
patreon monthly pledge,Subscription
peacock monthly plan,Subscription
peacock subscription,Subscription
peloton annual membership,Subscription
peloton membership,Subscription
peloton monthly dues,Subscription
phone bill,Subscription
phone bill at cricket,Subscription
phone bill at google fi,Subscription
phone bill at t-mobile,Subscription
phone bill at&t,Subscription
phone bill google fi,Subscription
phone bill mint mobile,Subscription
phone bill verizon,Subscription
planet fitness monthly membership,Subscription
premium apple music,Subscription
premium at pandora,Subscription
premium at tidal,Subscription
premium pandora,Subscription
premium plan apple tv+,Subscription
premium plan at hulu,Subscription
premium plan at max,Subscription
premium plan at prime video,Subscription
premium plan at shudder,Subscription
premium plan at youtube tv,Subscription
premium plan crunchyroll,Subscription
premium plan fubo,Subscription
premium plan hulu,Subscription
premium plan shudder,Subscription
premium plan sling tv,Subscription
premium plan youtube premium,Subscription
premium plan youtube tv,Subscription
premium tidal,Subscription
prime video family plan,Subscription
prime video monthly fee,Subscription
prime video monthly plan,Subscription
prime video monthly subscription,Subscription
pro plan,Subscription
pro plan 1password,Subscription
pro plan adobe,Subscription
pro plan adobe creative cloud,Subscription
pro plan at canva,Subscription
pro plan at chatgpt plus,Subscription
pro plan at notion,Subscription
pro plan canva,Subscription
pro plan expressvpn,Subscription
pro plan github,Subscription
pro plan grammarly premium,Subscription
pro plan microsoft 365,Subscription
pro plan namecheap,Subscription
renewal,Subscription
renewal at canva,Subscription
renewal at criterion channel,Subscription
renewal at disney+,Subscription
renewal at fubo,Subscription
renewal at hbo max,Subscription
renewal at namecheap,Subscription
renewal at netflix,Subscription
renewal at nordvpn,Subscription
renewal at paramount+,Subscription
renewal at peacock,Subscription
renewal at prime video,Subscription
renewal at sling tv,Subscription
renewal at youtube premium,Subscription
renewal at youtube tv,Subscription
renewal at zoom,Subscription
renewal criterion channel,Subscription
renewal disney+,Subscription
renewal figma,Subscription
renewal fubo,Subscription
renewal github,Subscription
renewal grammarly premium,Subscription
renewal max,Subscription
renewal notion,Subscription
renewal paramount+,Subscription
renewal prime video,Subscription
renewal showtime,Subscription
renewal shudder,Subscription
renewal squarespace,Subscription
renewal starz,Subscription
renewal zoom,Subscription
sam's club membership annual membership,Subscription
sam's club membership membership,Subscription
seat,Subscription
seat at adobe creative cloud,Subscription
seat at figma,Subscription
seat at lastpass,Subscription
seat at squarespace,Subscription
seat at zoom,Subscription
seat chatgpt plus,Subscription
seat github,Subscription
seat grammarly premium,Subscription
seat namecheap,Subscription
seat zoom,Subscription
showtime,Subscription
showtime annual subscription,Subscription
showtime renewal,Subscription
shudder,Subscription
shudder auto renewal,Subscription
siriusxm family plan,Subscription
siriusxm monthly fee,Subscription
siriusxm premium,Subscription
siriusxm student plan,Subscription
sling tv annual subscription,Subscription
sling tv renewal,Subscription
sling tv subscription,Subscription
spotify family plan,Subscription
spotify monthly subscription,Subscription
spotify student plan,Subscription
squarespace,Subscription
squarespace annual plan,Subscription
squarespace renewal,Subscription
squarespace seat,Subscription
starz,Subscription
starz annual subscription,Subscription
starz subscription,Subscription
storage,Subscription
storage box,Subscription
storage dropbox,Subscription
storage icloud,Subscription
storage plan,Subscription
storage plan at dropbox,Subscription
storage plan at icloud,Subscription
storage plan backblaze,Subscription
storage plan dropbox,Subscription
storage plan icloud,Subscription
streaming service,Subscription
student plan at tidal,Subscription
student plan siriusxm,Subscription
student plan tidal,Subscription
subscription,Subscription
subscription adobe creative cloud,Subscription
subscription at apple music,Subscription
subscription at audible,Subscription
subscription at blue apron,Subscription
subscription at criterion channel,Subscription
subscription at crunchyroll,Subscription
subscription at fubo,Subscription
subscription at github,Subscription
subscription at grammarly premium,Subscription
subscription at hbo max,Subscription
subscription at medium,Subscription
subscription at microsoft 365,Subscription
subscription at pandora,Subscription
subscription at peacock,Subscription
subscription at prime video,Subscription
subscription at showtime,Subscription
subscription at the economist,Subscription
subscription at tidal,Subscription
subscription at wall street journal,Subscription
subscription at youtube premium,Subscription
subscription audible,Subscription
subscription blue apron,Subscription
subscription box at chewy,Subscription
subscription box at hellofresh,Subscription
subscription box barkbox,Subscription
subscription box blue apron,Subscription
subscription box hellofresh,Subscription
subscription canva,Subscription
subscription chewy,Subscription
subscription disney+,Subscription
subscription dollar shave club,Subscription
subscription factor,Subscription
subscription fubo,Subscription
subscription grammarly premium,Subscription
subscription lastpass,Subscription
subscription max,Subscription
subscription medium,Subscription
subscription microsoft 365,Subscription
subscription new york times,Subscription
subscription nordvpn,Subscription
subscription pandora,Subscription
subscription shudder,Subscription
subscription siriusxm,Subscription
subscription spotify,Subscription
subscription the atlantic,Subscription
subscription wall street journal,Subscription
subscription youtube premium,Subscription
subscription youtube tv,Subscription
substack,Subscription
substack monthly pledge,Subscription
substack subscription,Subscription
t-mobile,Subscription
t-mobile family plan,Subscription
t-mobile monthly plan,Subscription
t-mobile wireless bill,Subscription
the atlantic,Subscription
the atlantic annual subscription,Subscription
the atlantic membership,Subscription
the atlantic monthly pledge,Subscription
the atlantic monthly subscription,Subscription
the economist,Subscription
the economist annual subscription,Subscription
the economist monthly pledge,Subscription
tidal,Subscription
tidal premium,Subscription
upgrade,Subscription
upgrade at backblaze,Subscription
upgrade at dropbox,Subscription
upgrade at icloud,Subscription
upgrade backblaze,Subscription
upgrade box,Subscription
upgrade google one,Subscription
upgrade icloud,Subscription
verizon monthly plan,Subscription
visible,Subscription
visible family plan,Subscription
visible phone bill,Subscription
vpn subscription,Subscription
wall street journal annual subscription,Subscription
wall street journal monthly pledge,Subscription
walmart+ membership renewal,Subscription
washington post,Subscription
washington post digital subscription,Subscription
wireless bill at at&t,Subscription
wireless bill at verizon,Subscription
wireless bill cricket,Subscription
wireless bill google fi,Subscription
wireless bill mint mobile,Subscription
wireless bill t-mobile,Subscription
wireless bill verizon,Subscription
wireless bill visible,Subscription
yearly fee aaa,Subscription
yearly fee at aaa,Subscription
yearly fee at amazon prime,Subscription
yearly fee at sam's club membership,Subscription
yearly fee at walmart+,Subscription
yearly fee costco membership,Subscription
yearly fee sam's club membership,Subscription
ymca annual membership,Subscription
ymca initiation fee,Subscription
ymca membership,Subscription
ymca monthly dues,Subscription
ymca monthly membership,Subscription
youtube premium family plan,Subscription
youtube tv ad free plan,Subscription
youtube tv premium plan,Subscription
youtube tv renewal,Subscription
zoom pro plan,Subscription
